game_id,season,week,gameday,weekday,home_team,away_team,predicted_winner,home_win_probability,away_win_probability,confidence,edge,expected_value,kelly_bet,fixed_stake_bet,threshold_bet,proportional_bet,confidence_category
2025_03_MIA_BUF,2025,3,2025-09-18,Thursday,BUF,MIA,BUF,0.6921988015866464,0.3078011984133536,0.6921988015866464,0.1686385921625626,0.32140751222890795,500.0,200.0,200.0,230.5,Medium (60-70%)
2025_07_TB_DET,2025,7,2025-10-20,Monday,DET,TB,DET,0.6883202687968487,0.3116797312031513,0.6883202687968487,0.16476005937276494,0.31400339313318426,500.0,200.0,200.0,220.8,Medium (60-70%)
2025_03_DET_BAL,2025,3,2025-09-22,Monday,BAL,DET,BAL,0.6861329382582692,0.3138670617417308,0.6861329382582692,0.1625727288341854,0.3098277791350358,500.0,200.0,200.0,215.33,Medium (60-70%)
2025_05_NE_BUF,2025,5,2025-10-05,Sunday,BUF,NE,BUF,0.6860649288155913,0.3139350711844086,0.6860649288155913,0.16250471939150757,0.30969794910896387,500.0,200.0,200.0,215.16,Medium (60-70%)
2025_01_BAL_BUF,2025,1,2025-09-07,Sunday,BUF,BAL,BUF,0.6859968232859905,0.3140031767140094,0.6859968232859905,0.16243661386190678,0.30956793565295593,500.0,200.0,200.0,214.99,Medium (60-70%)
2025_05_HOU_BAL,2025,5,2025-10-05,Sunday,BAL,HOU,BAL,0.6823099506652879,0.3176900493347121,0.6823099506652879,0.1587497412412041,0.3025296958200345,500.0,200.0,200.0,205.77,Medium (60-70%)
2025_04_NO_BUF,2025,4,2025-09-28,Sunday,BUF,NO,BUF,0.6739980051998784,0.3260019948001216,0.6739980051998784,0.15043779577579464,0.28666219192656794,500.0,200.0,200.0,185.0,Medium (60-70%)
2025_09_MIN_DET,2025,9,2025-11-02,Sunday,DET,MIN,DET,0.6720835311539896,0.3279164688460104,0.6720835311539896,0.1485233217299058,0.28300746097296603,500.0,200.0,200.0,180.21,Medium (60-70%)
2025_02_CLE_BAL,2025,2,2025-09-14,Sunday,BAL,CLE,BAL,0.6710547634530631,0.3289452365469368,0.6710547634530631,0.14749455402897937,0.2810435434318975,500.0,200.0,200.0,177.64,Medium (60-70%)
2025_01_DET_GB,2025,1,2025-09-07,Sunday,GB,DET,GB,0.6703276866686191,0.3296723133313809,0.6703276866686191,0.14676747724453532,0.27965555385039387,500.0,200.0,200.0,175.82,Medium (60-70%)
2025_06_LA_BAL,2025,6,2025-10-12,Sunday,BAL,LA,BAL,0.6693333671989479,0.3306666328010521,0.6693333671989479,0.1457731577748641,0.27775739798279153,500.0,200.0,200.0,173.33,Medium (60-70%)
2025_08_CHI_BAL,2025,8,2025-10-26,Sunday,BAL,CHI,BAL,0.6688430220683501,0.3311569779316499,0.6688430220683501,0.14528281264426635,0.27682132912848034,500.0,200.0,200.0,172.11,Medium (60-70%)
2025_08_TEN_IND,2025,8,2025-10-26,Sunday,IND,TEN,IND,0.6643080207387242,0.3356919792612758,0.6643080207387242,0.14074781131464043,0.2681640115902245,500.0,200.0,200.0,160.77,Medium (60-70%)
2025_10_ATL_IND,2025,10,2025-11-09,Sunday,IND,ATL,IND,0.6620572724062994,0.3379427275937006,0.6620572724062994,0.13849706298221565,0.26386733302362564,500.0,200.0,200.0,155.14,Medium (60-70%)
2025_04_CLE_DET,2025,4,2025-09-28,Sunday,DET,CLE,DET,0.6597378064433492,0.3402621935566507,0.6597378064433492,0.13617759701926546,0.2594394725003537,500.0,200.0,200.0,149.34,Medium (60-70%)
2025_09_KC_BUF,2025,9,2025-11-02,Sunday,BUF,KC,BUF,0.657512923672358,0.3424870763276419,0.657512923672358,0.13395271424827426,0.2551921712905315,500.0,200.0,200.0,143.78,Medium (60-70%)
2025_15_IND_SEA,2025,15,2025-12-14,Sunday,SEA,IND,SEA,0.6574197396835211,0.3425802603164789,0.6574197396835211,0.1338595302594373,0.25501428305584173,500.0,200.0,200.0,143.55,Medium (60-70%)
2025_13_MIN_SEA,2025,13,2025-11-30,Sunday,SEA,MIN,SEA,0.6563208167937891,0.3436791832062109,0.6563208167937891,0.1327606073697053,0.2529164392593434,500.0,200.0,200.0,140.8,Medium (60-70%)
2025_15_MIN_DAL,2025,15,2025-12-14,Sunday,DAL,MIN,DAL,0.6561733242126634,0.3438266757873366,0.6561733242126634,0.13261311478857962,0.2526348759219744,500.0,200.0,200.0,140.43,Medium (60-70%)
2025_13_HOU_IND,2025,13,2025-11-30,Sunday,IND,HOU,IND,0.6561584756162667,0.3438415243837333,0.6561584756162667,0.13259826619218296,0.25260652995145316,500.0,200.0,200.0,140.4,Medium (60-70%)
2025_05_DEN_PHI,2025,5,2025-10-05,Sunday,PHI,DEN,PHI,0.6555775777349653,0.3444224222650347,0.6555775777349653,0.1320173683108815,0.2514975958960487,500.0,200.0,200.0,138.94,Medium (60-70%)
2025_16_LA_SEA,2025,16,2025-12-18,Thursday,SEA,LA,SEA,0.6554881255104753,0.3445118744895247,0.6554881255104753,0.13192791608639154,0.2513268315994974,500.0,200.0,200.0,138.72,Medium (60-70%)
2025_13_GB_DET,2025,13,2025-11-27,Thursday,DET,GB,DET,0.6553905783478454,0.3446094216521546,0.6553905783478454,0.13183036892376165,0.25114061406603694,500.0,200.0,200.0,138.48,Medium (60-70%)
2025_02_WAS_GB,2025,2,2025-09-11,Thursday,GB,WAS,GB,0.6541231521084583,0.3458768478915417,0.6541231521084583,0.13056294268437452,0.24872109737504688,500.0,200.0,200.0,135.31,Medium (60-70%)
2025_02_CHI_DET,2025,2,2025-09-14,Sunday,DET,CHI,DET,0.6540617553412842,0.3459382446587158,0.6540617553412842,0.13050154591720042,0.24860389094651159,500.0,200.0,200.0,135.15,Medium (60-70%)
2025_14_DAL_DET,2025,14,2025-12-04,Thursday,DET,DAL,DET,0.6527385426782236,0.3472614573217764,0.6527385426782236,0.12917833325413985,0.24607787797272895,500.0,200.0,200.0,131.85,Medium (60-70%)
2025_13_KC_DAL,2025,13,2025-11-27,Thursday,DAL,KC,DAL,0.6509036560399455,0.3490963439600545,0.6509036560399455,0.12734344661586172,0.2425750793802559,500.0,200.0,200.0,127.26,Medium (60-70%)
2025_06_ARI_IND,2025,6,2025-10-12,Sunday,IND,ARI,IND,0.6506329525587522,0.3493670474412478,0.6506329525587522,0.12707274313466843,0.24205830643465798,500.0,200.0,200.0,126.58,Medium (60-70%)
2025_11_TB_BUF,2025,11,2025-11-16,Sunday,BUF,TB,BUF,0.6506318750177263,0.3493681249822736,0.6506318750177263,0.12707166559364258,0.24205624940883963,500.0,200.0,200.0,126.58,Medium (60-70%)
2025_06_CIN_GB,2025,6,2025-10-12,Sunday,GB,CIN,GB,0.6498377483135468,0.3501622516864532,0.6498377483135468,0.12627753888946303,0.24054026153056085,500.0,200.0,0.0,124.59,Medium (60-70%)
2025_12_NYG_DET,2025,12,2025-11-23,Sunday,DET,NYG,DET,0.6497626173446889,0.3502373826553111,0.6497626173446889,0.1262024079206051,0.24039683651101107,500.0,200.0,0.0,124.41,Medium (60-70%)
2025_16_PIT_DET,2025,16,2025-12-21,Sunday,DET,PIT,DET,0.6493525018555429,0.350647498144457,0.6493525018555429,0.12579229243145917,0.23961392604223153,500.0,200.0,0.0,123.38,Medium (60-70%)
2025_12_IND_KC,2025,12,2025-11-23,Sunday,KC,IND,KC,0.647963443315908,0.3520365566840919,0.647963443315908,0.12440323389182428,0.2369622132900685,500.0,200.0,0.0,119.91,Medium (60-70%)
2025_16_SF_IND,2025,16,2025-12-22,Monday,IND,SF,IND,0.6478983975070947,0.3521016024929053,0.6478983975070947,0.12433818808301089,0.23683804084104376,500.0,200.0,0.0,119.75,Medium (60-70%)
2025_16_LAC_DAL,2025,16,2025-12-21,Sunday,DAL,LAC,DAL,0.6475427276545029,0.352457272345497,0.6475427276545029,0.12398251823041917,0.23615906709244616,500.0,200.0,0.0,118.86,Medium (60-70%)
2025_10_ARI_SEA,2025,10,2025-11-09,Sunday,SEA,ARI,SEA,0.6471273413967555,0.3528726586032444,0.6471273413967555,0.12356713197267177,0.23536609472640635,500.0,200.0,0.0,117.82,Medium (60-70%)
2025_05_DET_CIN,2025,5,2025-10-05,Sunday,CIN,DET,CIN,0.6463315482539224,0.3536684517460776,0.6463315482539224,0.1227713388298386,0.2338469256167378,500.0,200.0,0.0,115.83,Medium (60-70%)
2025_04_CIN_DEN,2025,4,2025-09-29,Monday,DEN,CIN,DEN,0.6459739413553095,0.3540260586446905,0.6459739413553095,0.12241373193122573,0.2331642540472858,500.0,200.0,0.0,114.93,Medium (60-70%)
2025_05_TB_SEA,2025,5,2025-10-05,Sunday,SEA,TB,SEA,0.6459197881521399,0.3540802118478601,0.6459197881521399,0.12235957872805614,0.23306087558243516,500.0,200.0,0.0,114.8,Medium (60-70%)
2025_15_BAL_CIN,2025,15,2025-12-14,Sunday,CIN,BAL,CIN,0.6457127943010406,0.3542872056989594,0.6457127943010406,0.1221525848769568,0.23266572432068644,500.0,200.0,0.0,114.28,Medium (60-70%)
2025_12_PHI_DAL,2025,12,2025-11-23,Sunday,DAL,PHI,DAL,0.6451326720626533,0.3548673279373466,0.6451326720626533,0.12157246263856958,0.23155827096760528,500.0,200.0,0.0,112.83,Medium (60-70%)
2025_03_DEN_LAC,2025,3,2025-09-21,Sunday,LAC,DEN,LAC,0.645085661011402,0.354914338988598,0.645085661011402,0.1215254515873182,0.23146852687076636,500.0,200.0,0.0,112.71,Medium (60-70%)
2025_08_BUF_CAR,2025,8,2025-10-26,Sunday,CAR,BUF,CAR,0.6444148815050993,0.3555851184949007,0.6444148815050993,0.12085467208101552,0.23018800879323453,500.0,200.0,0.0,111.04,Medium (60-70%)
2025_06_BUF_ATL,2025,6,2025-10-13,Monday,ATL,BUF,ATL,0.6444101108080269,0.3555898891919731,0.6444101108080269,0.12084990138394314,0.2301789015325234,500.0,200.0,0.0,111.03,Medium (60-70%)
2025_02_JAX_CIN,2025,2,2025-09-14,Sunday,CIN,JAX,CIN,0.6436093614595899,0.3563906385404101,0.6436093614595899,0.12004915203550615,0.22865027102635715,500.0,200.0,0.0,109.02,Medium (60-70%)
2025_02_BUF_NYJ,2025,2,2025-09-14,Sunday,NYJ,BUF,NYJ,0.6430588841834632,0.3569411158165367,0.6430588841834632,0.11949867475937948,0.2275994099062314,500.0,200.0,0.0,107.65,Medium (60-70%)
2025_12_NE_CIN,2025,12,2025-11-23,Sunday,CIN,NE,CIN,0.64304123176872,0.35695876823128,0.64304123176872,0.1194810223446362,0.2275657114464864,500.0,200.0,0.0,107.6,Medium (60-70%)
2025_04_PHI_TB,2025,4,2025-09-28,Sunday,TB,PHI,TB,0.6428837415161883,0.3571162584838117,0.6428837415161883,0.11932353209210456,0.22726506255440349,500.0,200.0,0.0,107.21,Medium (60-70%)
2025_09_ATL_NE,2025,9,2025-11-02,Sunday,NE,ATL,NE,0.642755637118385,0.357244362881615,0.642755637118385,0.11919542769430125,0.22702051125899703,500.0,200.0,0.0,106.89,Medium (60-70%)
2025_07_WAS_DAL,2025,7,2025-10-19,Sunday,DAL,WAS,DAL,0.6427388691318382,0.3572611308681618,0.6427388691318382,0.11917865970775443,0.2269885011726791,500.0,200.0,0.0,106.85,Medium (60-70%)
2025_14_IND_JAX,2025,14,2025-12-07,Sunday,JAX,IND,JAX,0.6426343580216678,0.3573656419783322,0.6426343580216678,0.11907414859758403,0.2267889894633638,500.0,200.0,0.0,106.59,Medium (60-70%)
2025_01_DAL_PHI,2025,1,2025-09-04,Thursday,PHI,DAL,PHI,0.6425248025698433,0.3574751974301566,0.6425248025698433,0.11896459314575958,0.22657984810583098,500.0,200.0,0.0,106.31,Medium (60-70%)
2025_04_GB_DAL,2025,4,2025-09-28,Sunday,DAL,GB,DAL,0.6420774862671068,0.3579225137328932,0.6420774862671068,0.11851727684302304,0.2257259212839069,500.0,200.0,0.0,105.19,Medium (60-70%)
2025_15_BUF_NE,2025,15,2025-12-14,Sunday,NE,BUF,NE,0.6418734833156401,0.3581265166843599,0.6418734833156401,0.11831327389155633,0.22533647964955694,500.0,200.0,0.0,104.68,Medium (60-70%)
2025_03_CIN_MIN,2025,3,2025-09-21,Sunday,MIN,CIN,MIN,0.6418395152849903,0.3581604847150097,0.6418395152849903,0.11827930586090651,0.22527163467904643,500.0,200.0,0.0,104.6,Medium (60-70%)
2025_07_GB_ARI,2025,7,2025-10-19,Sunday,ARI,GB,ARI,0.6415648484066984,0.3584351515933016,0.6415648484066984,0.1180046389826146,0.22474729560838724,500.0,200.0,0.0,103.91,Medium (60-70%)
2025_09_ARI_DAL,2025,9,2025-11-03,Monday,DAL,ARI,DAL,0.6414641912601213,0.3585358087398786,0.6414641912601213,0.11790398183603756,0.22455514111557162,500.0,200.0,0.0,103.66,Medium (60-70%)
2025_08_WAS_KC,2025,8,2025-10-27,Monday,KC,WAS,KC,0.6413467751981394,0.3586532248018605,0.6413467751981394,0.11778656577405566,0.22433099385324817,500.0,200.0,0.0,103.37,Medium (60-70%)
2025_06_DEN_NYJ,2025,6,2025-10-12,Sunday,NYJ,DEN,NYJ,0.6410508523526411,0.3589491476473588,0.6410508523526411,0.11749064292855738,0.223766077141192,500.0,200.0,0.0,102.63,Medium (60-70%)
2025_08_NYG_PHI,2025,8,2025-10-26,Sunday,PHI,NYG,PHI,0.6409313387119422,0.3590686612880578,0.6409313387119422,0.11737112928785842,0.22353792560109764,500.0,200.0,0.0,102.33,Medium (60-70%)
2025_07_IND_LAC,2025,7,2025-10-19,Sunday,LAC,IND,LAC,0.6404309272042521,0.3595690727957479,0.6404309272042521,0.11687071778016833,0.22258264003291728,500.0,200.0,0.0,101.08,Medium (60-70%)
2025_15_NYJ_JAX,2025,15,2025-12-14,Sunday,JAX,NYJ,JAX,0.6403538360005471,0.3596461639994529,0.6403538360005471,0.1167936265764633,0.2224354729250444,500.0,200.0,0.0,100.88,Medium (60-70%)
2025_12_NYJ_BAL,2025,12,2025-11-23,Sunday,BAL,NYJ,BAL,0.6401520144264841,0.3598479855735159,0.6401520144264841,0.1165918050024003,0.22205019554015815,500.0,200.0,0.0,100.38,Medium (60-70%)
2025_14_NO_TB,2025,14,2025-12-07,Sunday,TB,NO,TB,0.6398224868849098,0.3601775131150901,0.6398224868849098,0.11626227746082607,0.2214211274632929,500.0,200.0,0.0,99.56,Medium (60-70%)
2025_10_CLE_NYJ,2025,10,2025-11-09,Sunday,NYJ,CLE,NYJ,0.639508970955571,0.360491029044429,0.639508970955571,0.11594876153148725,0.22082262555418508,500.0,200.0,0.0,98.77,Medium (60-70%)
2025_05_TEN_ARI,2025,5,2025-10-05,Sunday,ARI,TEN,ARI,0.639452262414065,0.3605477375859349,0.639452262414065,0.11589205298998129,0.2207143689484502,500.0,200.0,0.0,98.63,Medium (60-70%)
2025_13_ARI_TB,2025,13,2025-11-30,Sunday,TB,ARI,TB,0.6394252615507534,0.3605747384492466,0.6394252615507534,0.11586505212666964,0.2206628243003883,500.0,200.0,0.0,98.56,Medium (60-70%)
2025_08_NYJ_CIN,2025,8,2025-10-26,Sunday,CIN,NYJ,CIN,0.6393198646759444,0.3606801353240556,0.6393198646759444,0.1157596552518606,0.22046162166637784,500.0,200.0,0.0,98.3,Medium (60-70%)
2025_07_PHI_MIN,2025,7,2025-10-19,Sunday,MIN,PHI,MIN,0.6393058691903417,0.3606941308096583,0.6393058691903417,0.11574565976625795,0.2204349042843623,500.0,200.0,0.0,98.26,Medium (60-70%)
2025_08_MIN_LAC,2025,8,2025-10-23,Thursday,LAC,MIN,LAC,0.6392749383237851,0.3607250616762149,0.6392749383237851,0.11571472889970136,0.22037585726010578,500.0,200.0,0.0,98.19,Medium (60-70%)
2025_11_DET_PHI,2025,11,2025-11-16,Sunday,PHI,DET,PHI,0.6389872657274399,0.3610127342725601,0.6389872657274399,0.11542705630335615,0.21982669027368285,500.0,200.0,0.0,97.47,Medium (60-70%)
2025_09_SF_NYG,2025,9,2025-11-02,Sunday,NYG,SF,NYG,0.6389490293555407,0.3610509706444593,0.6389490293555407,0.11538881993145689,0.21975369703972714,500.0,200.0,0.0,97.37,Medium (60-70%)
2025_01_KC_LAC,2025,1,2025-09-05,Friday,LAC,KC,LAC,0.6387716377096821,0.3612283622903178,0.6387716377096821,0.11521142828559838,0.21941505638778325,500.0,200.0,0.0,96.93,Medium (60-70%)
2025_11_NYJ_NE,2025,11,2025-11-13,Thursday,NE,NYJ,NE,0.6386739254088752,0.3613260745911247,0.6386739254088752,0.11511371598479148,0.2192285236055429,500.0,200.0,0.0,96.68,Medium (60-70%)
2025_10_NE_TB,2025,10,2025-11-09,Sunday,TB,NE,TB,0.6386372718983724,0.3613627281016276,0.6386372718983724,0.11507706247428862,0.21915855205399293,500.0,200.0,0.0,96.59,Medium (60-70%)
2025_02_CAR_ARI,2025,2,2025-09-14,Sunday,ARI,CAR,ARI,0.6386111274917199,0.3613888725082801,0.6386111274917199,0.11505091806763612,0.21910864238169325,500.0,200.0,0.0,96.53,Medium (60-70%)
2025_05_WAS_LAC,2025,5,2025-10-05,Sunday,LAC,WAS,LAC,0.6385966282431312,0.3614033717568687,0.6385966282431312,0.11503641881904747,0.21908096331613758,500.0,200.0,0.0,96.49,Medium (60-70%)
2025_02_NE_MIA,2025,2,2025-09-14,Sunday,MIA,NE,MIA,0.6385080029517707,0.3614919970482293,0.6385080029517707,0.11494779352768691,0.2189117776349303,500.0,200.0,0.0,96.27,Medium (60-70%)
2025_09_CHI_CIN,2025,9,2025-11-02,Sunday,CIN,CHI,CIN,0.6384999548082748,0.3615000451917252,0.6384999548082748,0.11493974538419105,0.2188964137289966,500.0,200.0,0.0,96.25,Medium (60-70%)
2025_14_CIN_BUF,2025,14,2025-12-07,Sunday,BUF,CIN,BUF,0.6382904544455581,0.3617095455544419,0.6382904544455581,0.11473024502147433,0.21849647753657042,500.0,200.0,0.0,95.73,Medium (60-70%)
2025_03_NYJ_TB,2025,3,2025-09-21,Sunday,TB,NYJ,TB,0.6382192987743351,0.3617807012256648,0.6382192987743351,0.11465908935025138,0.21836064136020583,500.0,200.0,0.0,95.55,Medium (60-70%)
2025_01_TEN_DEN,2025,1,2025-09-07,Sunday,DEN,TEN,DEN,0.6381814415390688,0.3618185584609312,0.6381814415390688,0.11462123211498498,0.21828837189808226,500.0,200.0,0.0,95.45,Medium (60-70%)
2025_09_CAR_GB,2025,9,2025-11-02,Sunday,GB,CAR,GB,0.6381666403460888,0.3618333596539111,0.6381666403460888,0.11460643092200506,0.21826011642068355,500.0,200.0,0.0,95.42,Medium (60-70%)
2025_13_NO_MIA,2025,13,2025-11-30,Sunday,MIA,NO,MIA,0.6380113853598104,0.3619886146401896,0.6380113853598104,0.11445117593572662,0.21796373465187802,500.0,200.0,0.0,95.03,Medium (60-70%)
2025_16_LV_HOU,2025,16,2025-12-21,Sunday,HOU,LV,HOU,0.6379067938670182,0.3620932061329818,0.6379067938670182,0.11434658444293444,0.21776406949213778,500.0,200.0,0.0,94.77,Medium (60-70%)
2025_07_HOU_SEA,2025,7,2025-10-20,Monday,SEA,HOU,SEA,0.6379055455912079,0.362094454408792,0.6379055455912079,0.11434533616712417,0.21776168653361594,500.0,200.0,0.0,94.76,Medium (60-70%)
2025_05_LV_IND,2025,5,2025-10-05,Sunday,IND,LV,IND,0.637851509022419,0.3621484909775809,0.637851509022419,0.11429129959833528,0.21765853072379804,500.0,200.0,0.0,94.63,Medium (60-70%)
2025_14_PHI_LAC,2025,14,2025-12-08,Monday,LAC,PHI,LAC,0.6378434025807531,0.3621565974192469,0.6378434025807531,0.11428319315666935,0.21764305552665775,500.0,200.0,0.0,94.61,Medium (60-70%)
2025_09_BAL_MIA,2025,9,2025-10-30,Thursday,MIA,BAL,MIA,0.6378395882319645,0.3621604117680355,0.6378395882319645,0.11427937880788075,0.21763577393482025,500.0,200.0,0.0,94.6,Medium (60-70%)
2025_13_NYG_NE,2025,13,2025-12-01,Monday,NE,NYG,NE,0.6378389817943151,0.3621610182056849,0.6378389817943151,0.11427877237023132,0.21763461624534752,500.0,200.0,0.0,94.6,Medium (60-70%)
2025_06_CLE_PIT,2025,6,2025-10-12,Sunday,PIT,CLE,PIT,0.6377952089500962,0.3622047910499038,0.6377952089500962,0.11423499952601246,0.2175510538857337,500.0,200.0,0.0,94.49,Medium (60-70%)
2025_10_NO_CAR,2025,10,2025-11-09,Sunday,CAR,NO,CAR,0.6377499781094896,0.3622500218905103,0.6377499781094896,0.11418976868540587,0.2174647082110157,500.0,200.0,0.0,94.37,Medium (60-70%)
2025_03_NO_SEA,2025,3,2025-09-21,Sunday,SEA,NO,SEA,0.637727901447831,0.362272098552169,0.637727901447831,0.11416769202374721,0.21742256386390935,500.0,200.0,0.0,94.32,Medium (60-70%)
2025_16_GB_CHI,2025,16,2025-12-20,Saturday,CHI,GB,CHI,0.6377175347969392,0.3622824652030608,0.6377175347969392,0.11415732537285539,0.21740277392735685,500.0,200.0,0.0,94.29,Medium (60-70%)
2025_11_GB_NYG,2025,11,2025-11-16,Sunday,NYG,GB,NYG,0.6373273042963559,0.3626726957036441,0.6373273042963559,0.1137670948722721,0.21665782390174337,500.0,200.0,0.0,93.32,Medium (60-70%)
2025_15_ATL_TB,2025,15,2025-12-11,Thursday,TB,ATL,TB,0.6372387233676914,0.3627612766323086,0.6372387233676914,0.11367851394360762,0.21648872290892285,500.0,200.0,0.0,93.1,Medium (60-70%)
2025_15_LAC_KC,2025,15,2025-12-14,Sunday,KC,LAC,KC,0.6369177783402807,0.3630822216597192,0.6369177783402807,0.11335756891619697,0.2158760388515959,500.0,200.0,0.0,92.29,Medium (60-70%)
2025_10_LV_DEN,2025,10,2025-11-06,Thursday,DEN,LV,DEN,0.6369133154551043,0.3630866845448957,0.6369133154551043,0.11335310603102056,0.2158675192037942,500.0,200.0,0.0,92.28,Medium (60-70%)
2025_09_IND_PIT,2025,9,2025-11-02,Sunday,PIT,IND,PIT,0.6369009418252223,0.3630990581747777,0.6369009418252223,0.11334073240113851,0.21584389794434933,500.0,200.0,0.0,92.25,Medium (60-70%)
2025_11_CAR_ATL,2025,11,2025-11-16,Sunday,ATL,CAR,ATL,0.6368244116153521,0.3631755883846479,0.6368244116153521,0.11326420219126832,0.21569780177370712,500.0,200.0,0.0,92.06,Medium (60-70%)
2025_15_WAS_NYG,2025,15,2025-12-14,Sunday,NYG,WAS,NYG,0.6367931247718491,0.3632068752281508,0.6367931247718491,0.11323291534776536,0.21563807518946,500.0,200.0,0.0,91.98,Medium (60-70%)
2025_08_CLE_NE,2025,8,2025-10-26,Sunday,NE,CLE,NE,0.6367888497848384,0.3632111502151616,0.6367888497848384,0.11322864036075464,0.2156299142392566,500.0,200.0,0.0,91.97,Medium (60-70%)
2025_03_LA_PHI,2025,3,2025-09-21,Sunday,PHI,LA,PHI,0.6366561915217444,0.3633438084782556,0.6366561915217444,0.11309598209766059,0.21537666961501,500.0,200.0,0.0,91.64,Medium (60-70%)
2025_16_TB_CAR,2025,16,2025-12-21,Sunday,CAR,TB,CAR,0.6366282160496256,0.3633717839503744,0.6366282160496256,0.11306800662554184,0.21532326443873528,500.0,200.0,0.0,91.57,Medium (60-70%)
2025_15_LV_PHI,2025,15,2025-12-14,Sunday,PHI,LV,PHI,0.6365188551887697,0.3634811448112303,0.6365188551887697,0.11295864576468595,0.21511449455536136,500.0,200.0,0.0,91.3,Medium (60-70%)
2025_13_CIN_BAL,2025,13,2025-11-27,Thursday,BAL,CIN,BAL,0.6364786983743094,0.3635213016256906,0.6364786983743094,0.1129184889502256,0.21503783519655661,500.0,200.0,0.0,91.2,Medium (60-70%)
2025_01_PIT_NYJ,2025,1,2025-09-07,Sunday,NYJ,PIT,NYJ,0.6364270798752881,0.3635729201247119,0.6364270798752881,0.11286687045120436,0.21493929548192503,500.0,200.0,0.0,91.07,Medium (60-70%)
2025_02_ATL_MIN,2025,2,2025-09-14,Sunday,MIN,ATL,MIN,0.636317643849754,0.363682356150246,0.636317643849754,0.11275743442567021,0.21473038210918038,500.0,200.0,0.0,90.79,Medium (60-70%)
2025_02_DEN_IND,2025,2,2025-09-14,Sunday,IND,DEN,IND,0.6362012953843195,0.3637987046156805,0.6362012953843195,0.1126410859602357,0.21450827288866592,500.0,200.0,0.0,90.5,Medium (60-70%)
2025_14_CHI_GB,2025,14,2025-12-07,Sunday,GB,CHI,GB,0.6361630560612532,0.3638369439387467,0.6361630560612532,0.11260284663716946,0.21443527402093243,500.0,200.0,0.0,90.41,Medium (60-70%)
2025_07_PIT_CIN,2025,7,2025-10-16,Thursday,CIN,PIT,CIN,0.6361039951310417,0.3638960048689583,0.6361039951310417,0.11254378570695789,0.2143225267051585,500.0,200.0,0.0,90.26,Medium (60-70%)
2025_14_HOU_KC,2025,14,2025-12-07,Sunday,KC,HOU,KC,0.6360248734532007,0.3639751265467993,0.6360248734532007,0.11246466402911692,0.21417148342216008,500.0,200.0,0.0,90.06,Medium (60-70%)
2025_03_KC_NYG,2025,3,2025-09-21,Sunday,NYG,KC,NYG,0.6359351381897627,0.3640648618102373,0.6359351381897627,0.1123749287656789,0.21400017880425692,500.0,200.0,0.0,89.84,Medium (60-70%)
2025_06_SF_TB,2025,6,2025-10-12,Sunday,TB,SF,TB,0.6359052881621475,0.3640947118378524,0.6359052881621475,0.11234507873806376,0.2139431951015397,500.0,200.0,0.0,89.76,Medium (60-70%)
2025_02_SEA_PIT,2025,2,2025-09-14,Sunday,PIT,SEA,PIT,0.6358808164480574,0.3641191835519426,0.6358808164480574,0.11232060702397362,0.21389647859934158,500.0,200.0,0.0,89.7,Medium (60-70%)
2025_16_NE_BAL,2025,16,2025-12-21,Sunday,BAL,NE,BAL,0.6358785020862803,0.3641214979137197,0.6358785020862803,0.1123182926621965,0.21389206048270903,500.0,200.0,0.0,89.7,Medium (60-70%)
2025_16_CIN_MIA,2025,16,2025-12-21,Sunday,MIA,CIN,MIA,0.6357850394124263,0.3642149605875737,0.6357850394124263,0.11222482998834249,0.21371364023832173,500.0,200.0,0.0,89.46,Medium (60-70%)
2025_08_MIA_ATL,2025,8,2025-10-26,Sunday,ATL,MIA,ATL,0.6357244480290877,0.3642755519709123,0.6357244480290877,0.11216423860500391,0.21359797128752844,500.0,200.0,0.0,89.31,Medium (60-70%)
2025_13_LV_LAC,2025,13,2025-11-30,Sunday,LAC,LV,LAC,0.6356877124682331,0.3643122875317669,0.6356877124682331,0.11212750304414931,0.21352784310185702,500.0,200.0,0.0,89.22,Medium (60-70%)
2025_05_DAL_NYJ,2025,5,2025-10-05,Sunday,NYJ,DAL,NYJ,0.6356059444069548,0.3643940555930451,0.6356059444069548,0.11204573498287107,0.21337174787287683,500.0,200.0,0.0,89.01,Medium (60-70%)
2025_02_LA_TEN,2025,2,2025-09-14,Sunday,TEN,LA,TEN,0.635525618949514,0.364474381050486,0.635525618949514,0.11196540952543022,0.2132184065746222,500.0,200.0,0.0,88.81,Medium (60-70%)
2025_07_CAR_NYJ,2025,7,2025-10-19,Sunday,NYJ,CAR,NYJ,0.6354135480479932,0.3645864519520068,0.6354135480479932,0.11185333862390945,0.2130044632236191,500.0,200.0,0.0,88.53,Medium (60-70%)
2025_14_TEN_CLE,2025,14,2025-12-07,Sunday,CLE,TEN,CLE,0.635395347905058,0.364604652094942,0.635395347905058,0.11183513848097426,0.2129697191507558,500.0,200.0,0.0,88.49,Medium (60-70%)
2025_13_BUF_PIT,2025,13,2025-11-30,Sunday,PIT,BUF,PIT,0.6350902286797411,0.3649097713202589,0.6350902286797411,0.11153001925565731,0.2123872465496257,500.0,200.0,0.0,87.73,Medium (60-70%)
2025_13_CHI_PHI,2025,13,2025-11-28,Friday,PHI,CHI,PHI,0.6350801294975005,0.3649198705024995,0.6350801294975005,0.11151992007341671,0.21236796721072848,500.0,200.0,0.0,87.7,Medium (60-70%)
2025_12_PIT_CHI,2025,12,2025-11-23,Sunday,CHI,PIT,CHI,0.6347428609479848,0.3652571390520152,0.6347428609479848,0.11118265152390105,0.211724121549703,500.0,200.0,0.0,86.86,Medium (60-70%)
2025_12_MIN_GB,2025,12,2025-11-23,Sunday,GB,MIN,GB,0.6347114989387483,0.3652885010612516,0.6347114989387483,0.11115128951466458,0.21166425147407064,500.0,200.0,0.0,86.78,Medium (60-70%)
2025_02_NYG_DAL,2025,2,2025-09-14,Sunday,DAL,NYG,DAL,0.6346929372208021,0.3653070627791979,0.6346929372208021,0.11113272779671834,0.2116288171545112,500.0,200.0,0.0,86.73,Medium (60-70%)
2025_12_CAR_SF,2025,12,2025-11-24,Monday,SF,CAR,SF,0.6346778788864064,0.3653221211135936,0.6346778788864064,0.1111176694623226,0.21160007079414977,500.0,200.0,0.0,86.69,Medium (60-70%)
2025_05_MIA_CAR,2025,5,2025-10-05,Sunday,CAR,MIA,CAR,0.6346674937274069,0.365332506272593,0.6346674937274069,0.11110728430332317,0.21158024552561983,500.0,200.0,0.0,86.67,Medium (60-70%)
2025_15_CLE_CHI,2025,15,2025-12-14,Sunday,CHI,CLE,CHI,0.6346466578716384,0.3653533421283615,0.6346466578716384,0.11108644844755466,0.21154046987695774,500.0,200.0,0.0,86.62,Medium (60-70%)
2025_16_MIN_NYG,2025,16,2025-12-21,Sunday,NYG,MIN,NYG,0.6345719670969596,0.3654280329030404,0.6345719670969596,0.11101175767287585,0.211397885188096,500.0,200.0,0.0,86.43,Medium (60-70%)
2025_13_LA_CAR,2025,13,2025-11-30,Sunday,CAR,LA,CAR,0.6345450286732249,0.365454971326775,0.6345450286732249,0.11098481924914116,0.21134645973718647,500.0,200.0,0.0,86.36,Medium (60-70%)
2025_04_SEA_ARI,2025,4,2025-09-25,Thursday,ARI,SEA,ARI,0.6344859579523292,0.3655140420476708,0.6344859579523292,0.11092574852824544,0.21123369373099643,500.0,200.0,0.0,86.21,Medium (60-70%)
2025_06_LAC_MIA,2025,6,2025-10-12,Sunday,MIA,LAC,MIA,0.6344814016962188,0.3655185983037812,0.6344814016962188,0.11092119227213504,0.21122499583808174,500.0,200.0,0.0,86.2,Medium (60-70%)
2025_04_WAS_ATL,2025,4,2025-09-28,Sunday,ATL,WAS,ATL,0.6344167895087347,0.3655832104912653,0.6344167895087347,0.11085658008465094,0.2111016511721746,500.0,200.0,0.0,86.04,Medium (60-70%)
2025_04_TEN_HOU,2025,4,2025-09-28,Sunday,HOU,TEN,HOU,0.634384022731707,0.365615977268293,0.634384022731707,0.11082381330762325,0.21103909939482868,500.0,200.0,0.0,85.96,Medium (60-70%)
2025_10_PHI_GB,2025,10,2025-11-10,Monday,GB,PHI,GB,0.6343628345156215,0.3656371654843785,0.6343628345156215,0.11080262509153771,0.21099865109032145,500.0,200.0,0.0,85.91,Medium (60-70%)
2025_14_PIT_BAL,2025,14,2025-12-07,Sunday,BAL,PIT,BAL,0.6342584119902388,0.3657415880097612,0.6342584119902388,0.11069820256615504,0.2107993084893659,500.0,200.0,0.0,85.65,Medium (60-70%)
2025_01_TB_ATL,2025,1,2025-09-07,Sunday,ATL,TB,ATL,0.6341883319641536,0.3658116680358464,0.6341883319641536,0.11062812254006982,0.2106655257195692,500.0,200.0,0.0,85.47,Medium (60-70%)
2025_06_DAL_CAR,2025,6,2025-10-12,Sunday,CAR,DAL,CAR,0.6341792135637683,0.3658207864362317,0.6341792135637683,0.11061900413968451,0.21064811869323363,500.0,200.0,0.0,85.45,Medium (60-70%)
2025_01_SF_SEA,2025,1,2025-09-07,Sunday,SEA,SF,SEA,0.6341383125255518,0.3658616874744482,0.6341383125255518,0.11057810310146798,0.21057003861127832,500.0,200.0,0.0,85.35,Medium (60-70%)
2025_01_MIA_IND,2025,1,2025-09-07,Sunday,IND,MIA,IND,0.6341339205571704,0.3658660794428295,0.6341339205571704,0.11057371113308667,0.21056165434363838,500.0,200.0,0.0,85.33,Medium (60-70%)
2025_04_LAC_NYG,2025,4,2025-09-28,Sunday,NYG,LAC,NYG,0.634093247325505,0.365906752674495,0.634093247325505,0.11053303790142122,0.21048400914438903,500.0,200.0,0.0,85.23,Medium (60-70%)
2025_16_JAX_DEN,2025,16,2025-12-21,Sunday,DEN,JAX,DEN,0.6340871394168459,0.3659128605831541,0.6340871394168459,0.11052692999276215,0.21047234914675883,500.0,200.0,0.0,85.22,Medium (60-70%)
2025_11_WAS_MIA,2025,11,2025-11-16,Sunday,MIA,WAS,MIA,0.6339958013763314,0.3660041986236686,0.6339958013763314,0.11043559195224761,0.21029798482741657,500.0,200.0,0.0,84.99,Medium (60-70%)
2025_04_MIN_PIT,2025,4,2025-09-28,Sunday,PIT,MIN,PIT,0.6339491811032636,0.3660508188967364,0.6339491811032636,0.11038897167917983,0.2102089867261302,500.0,200.0,0.0,84.87,Medium (60-70%)
2025_16_KC_TEN,2025,16,2025-12-21,Sunday,TEN,KC,TEN,0.63389257233868,0.36610742766132,0.63389257233868,0.11033236291459625,0.21010092059454022,500.0,200.0,0.0,84.73,Medium (60-70%)
2025_04_JAX_SF,2025,4,2025-09-28,Sunday,SF,JAX,SF,0.6338709957503208,0.3661290042496792,0.6338709957503208,0.11031078632623703,0.2100597308873624,500.0,200.0,0.0,84.68,Medium (60-70%)
2025_11_CIN_PIT,2025,11,2025-11-16,Sunday,PIT,CIN,PIT,0.63381283132398,0.3661871686760199,0.63381283132398,0.11025262189989626,0.20994869499747792,500.0,200.0,0.0,84.53,Medium (60-70%)
2025_04_NYJ_MIA,2025,4,2025-09-29,Monday,MIA,NYJ,MIA,0.6337774922845139,0.3662225077154861,0.6337774922845139,0.11021728286043009,0.20988123277113702,500.0,200.0,0.0,84.44,Medium (60-70%)
2025_08_DAL_DEN,2025,8,2025-10-26,Sunday,DEN,DAL,DEN,0.6337213997200764,0.3662786002799236,0.6337213997200764,0.11016119029599258,0.20977415206562577,500.0,200.0,0.0,84.3,Medium (60-70%)
2025_07_NYG_DEN,2025,7,2025-10-19,Sunday,DEN,NYG,DEN,0.6337087030969973,0.3662912969030026,0.6337087030969973,0.11014849367291357,0.20974991421216793,500.0,200.0,0.0,84.27,Medium (60-70%)
2025_15_ARI_HOU,2025,15,2025-12-14,Sunday,HOU,ARI,HOU,0.6336656378505428,0.3663343621494572,0.6336656378505428,0.11010542842645898,0.2096677026566861,500.0,200.0,0.0,84.16,Medium (60-70%)
2025_15_MIA_PIT,2025,15,2025-12-15,Monday,PIT,MIA,PIT,0.6335432172151101,0.3664567827848899,0.6335432172151101,0.10998300779102632,0.20943400166364523,500.0,200.0,0.0,83.86,Medium (60-70%)
2025_06_PHI_NYG,2025,6,2025-10-09,Thursday,NYG,PHI,NYG,0.6335192182609357,0.3664807817390643,0.6335192182609357,0.10995900883685195,0.20938818766012635,500.0,200.0,0.0,83.8,Medium (60-70%)
2025_02_PHI_KC,2025,2,2025-09-14,Sunday,KC,PHI,KC,0.633386424216398,0.366613575783602,0.633386424216398,0.10982621479231425,0.20913468382910383,500.0,200.0,0.0,83.47,Medium (60-70%)
2025_11_KC_DEN,2025,11,2025-11-16,Sunday,DEN,KC,DEN,0.6331852767335873,0.3668147232664127,0.6331852767335873,0.1096250673095035,0.2087506932844181,500.0,200.0,0.0,82.96,Medium (60-70%)
2025_06_DET_KC,2025,6,2025-10-12,Sunday,KC,DET,KC,0.6330249784687921,0.3669750215312078,0.6330249784687921,0.10946476904470837,0.20844468389692417,500.0,200.0,0.0,82.56,Medium (60-70%)
2025_14_LA_ARI,2025,14,2025-12-07,Sunday,ARI,LA,ARI,0.6330210045094908,0.3669789954905091,0.6330210045094908,0.10946079508540707,0.20843709760861806,500.0,200.0,0.0,82.55,Medium (60-70%)
2025_07_LA_JAX,2025,7,2025-10-19,Sunday,JAX,LA,JAX,0.6329316394652382,0.3670683605347618,0.6329316394652382,0.10937143004115446,0.2082664997391398,500.0,200.0,0.0,82.33,Medium (60-70%)
2025_12_CLE_LV,2025,12,2025-11-23,Sunday,LV,CLE,LV,0.6329081571427596,0.3670918428572404,0.6329081571427596,0.10934794771867584,0.2082216719855281,500.0,200.0,0.0,82.27,Medium (60-70%)
2025_07_LV_KC,2025,7,2025-10-19,Sunday,KC,LV,KC,0.6328944485950696,0.3671055514049304,0.6328944485950696,0.10933423917098584,0.2081955023679879,500.0,200.0,0.0,82.24,Medium (60-70%)
2025_10_BAL_MIN,2025,10,2025-11-09,Sunday,MIN,BAL,MIN,0.6328711429429981,0.3671288570570019,0.6328711429429981,0.1093109335189143,0.2081510118781833,500.0,200.0,0.0,82.18,Medium (60-70%)
2025_10_BUF_MIA,2025,10,2025-11-09,Sunday,MIA,BUF,MIA,0.6327998911697883,0.3672001088302117,0.6327998911697883,0.10923968174570453,0.20801499224312592,500.0,200.0,0.0,82.0,Medium (60-70%)
2025_03_ARI_SF,2025,3,2025-09-21,Sunday,SF,ARI,SF,0.6326768467180226,0.3673231532819774,0.6326768467180226,0.10911663729393883,0.20778010038470518,500.0,200.0,0.0,81.69,Medium (60-70%)
2025_14_MIA_NYJ,2025,14,2025-12-07,Sunday,NYJ,MIA,NYJ,0.6326754809228374,0.3673245190771625,0.6326754809228374,0.10911527149875366,0.20777749308169668,500.0,200.0,0.0,81.69,Medium (60-70%)
2025_03_ATL_CAR,2025,3,2025-09-21,Sunday,CAR,ATL,CAR,0.6326548445655512,0.3673451554344488,0.6326548445655512,0.10909463514146744,0.20773809827563727,500.0,200.0,0.0,81.64,Medium (60-70%)
2025_15_TEN_SF,2025,15,2025-12-14,Sunday,SF,TEN,SF,0.6326359082342524,0.3673640917657476,0.6326359082342524,0.10907569881016865,0.2077019488191879,500.0,200.0,0.0,81.59,Medium (60-70%)
2025_04_BAL_KC,2025,4,2025-09-28,Sunday,KC,BAL,KC,0.6325797653983898,0.3674202346016102,0.6325797653983898,0.10901955597430601,0.20759477214552613,500.0,200.0,0.0,81.45,Medium (60-70%)
2025_07_NO_CHI,2025,7,2025-10-19,Sunday,CHI,NO,CHI,0.6324593145891857,0.3675406854108143,0.6324593145891857,0.10889910516510193,0.20736483155075547,500.0,200.0,0.0,81.15,Medium (60-70%)
2025_10_NYG_CHI,2025,10,2025-11-09,Sunday,CHI,NYG,CHI,0.632380084655084,0.367619915344916,0.632380084655084,0.10881987523100023,0.20721358160655534,500.0,200.0,0.0,80.95,Medium (60-70%)
2025_06_TEN_LV,2025,6,2025-10-12,Sunday,LV,TEN,LV,0.6323465696932076,0.3676534303067924,0.6323465696932076,0.1087863602691238,0.20714960154433326,500.0,200.0,0.0,80.87,Medium (60-70%)
2025_03_IND_TEN,2025,3,2025-09-21,Sunday,TEN,IND,TEN,0.6323008028386403,0.3676991971613597,0.6323008028386403,0.10874059341455655,0.2070622326189644,500.0,200.0,0.0,80.75,Medium (60-70%)
2025_10_JAX_HOU,2025,10,2025-11-09,Sunday,HOU,JAX,HOU,0.6322937279497023,0.3677062720502977,0.6322937279497023,0.10873351852561852,0.20704872665598173,500.0,200.0,0.0,80.73,Medium (60-70%)
2025_11_LAC_JAX,2025,11,2025-11-16,Sunday,JAX,LAC,JAX,0.6322016129347041,0.3677983870652959,0.6322016129347041,0.10864140351062035,0.2068728790923502,500.0,200.0,0.0,80.5,Medium (60-70%)
2025_10_PIT_LAC,2025,10,2025-11-09,Sunday,LAC,PIT,LAC,0.6321357910956051,0.3678642089043948,0.6321357910956051,0.10857558167152137,0.20674722520151023,500.0,200.0,0.0,80.34,Medium (60-70%)
2025_14_SEA_ATL,2025,14,2025-12-07,Sunday,ATL,SEA,ATL,0.6321340848066634,0.3678659151933365,0.6321340848066634,0.10857387538257968,0.20674396789592053,500.0,200.0,0.0,80.34,Medium (60-70%)
2025_04_CAR_NE,2025,4,2025-09-28,Sunday,NE,CAR,NE,0.6321080816607343,0.3678919183392657,0.6321080816607343,0.10854787223665052,0.2066943278903418,500.0,200.0,0.0,80.27,Medium (60-70%)
2025_03_PIT_NE,2025,3,2025-09-21,Sunday,NE,PIT,NE,0.6320801962876563,0.3679198037123437,0.6320801962876563,0.10851998686357256,0.20664109471313596,500.0,200.0,0.0,80.2,Medium (60-70%)
2025_01_LV_NE,2025,1,2025-09-07,Sunday,NE,LV,NE,0.6320148832291741,0.3679851167708259,0.6320148832291741,0.10845467380509033,0.20651641208449334,500.0,200.0,0.0,80.04,Medium (60-70%)
2025_12_BUF_HOU,2025,12,2025-11-20,Thursday,HOU,BUF,HOU,0.6320113838690582,0.3679886161309418,0.6320113838690582,0.10845117444497443,0.20650973180603216,500.0,200.0,0.0,80.03,Medium (60-70%)
2025_08_GB_PIT,2025,8,2025-10-26,Sunday,PIT,GB,PIT,0.631862248163902,0.368137751836098,0.631862248163902,0.10830203873981825,0.20622503174488893,500.0,200.0,0.0,79.66,Medium (60-70%)
2025_07_ATL_SF,2025,7,2025-10-19,Sunday,SF,ATL,SF,0.6318216420766682,0.3681783579233317,0.6318216420766682,0.10826143265258448,0.20614751472435966,500.0,200.0,0.0,79.55,Medium (60-70%)
2025_13_ATL_NYJ,2025,13,2025-11-30,Sunday,NYJ,ATL,NYJ,0.631808763340437,0.368191236659563,0.631808763340437,0.10824855391635324,0.20612292921689424,500.0,200.0,0.0,79.52,Medium (60-70%)
2025_14_WAS_MIN,2025,14,2025-12-07,Sunday,MIN,WAS,MIN,0.6314367551800212,0.3685632448199788,0.6314367551800212,0.10787654575593741,0.2054127656386604,500.0,200.0,0.0,78.59,Medium (60-70%)
2025_02_SF_NO,2025,2,2025-09-14,Sunday,NO,SF,NO,0.6314365985885166,0.3685634014114833,0.6314365985885166,0.10787638916443287,0.2054124667054783,500.0,200.0,0.0,78.59,Medium (60-70%)
2025_03_HOU_JAX,2025,3,2025-09-21,Sunday,JAX,HOU,JAX,0.6313572793532901,0.3686427206467099,0.6313572793532901,0.10779706992920635,0.20526104628543085,500.0,200.0,0.0,78.39,Medium (60-70%)
2025_16_NYJ_NO,2025,16,2025-12-21,Sunday,NO,NYJ,NO,0.6313375293506225,0.3686624706493775,0.6313375293506225,0.10777731992653872,0.20522334353033833,500.0,200.0,0.0,78.34,Medium (60-70%)
2025_14_DEN_LV,2025,14,2025-12-07,Sunday,LV,DEN,LV,0.6312803014916737,0.3687196985083263,0.6312803014916737,0.10772009206758992,0.20511409554760507,500.0,200.0,0.0,78.2,Medium (60-70%)
2025_02_TB_HOU,2025,2,2025-09-15,Monday,HOU,TB,HOU,0.6312464767316917,0.3687535232683083,0.6312464767316917,0.10768626730760789,0.20504952408079935,500.0,200.0,0.0,78.12,Medium (60-70%)
2025_06_SEA_JAX,2025,6,2025-10-12,Sunday,JAX,SEA,JAX,0.6311947344478483,0.3688052655521516,0.6311947344478483,0.10763452502376458,0.2049507480609425,500.0,200.0,0.0,77.99,Medium (60-70%)
2025_09_JAX_LV,2025,9,2025-11-02,Sunday,LV,JAX,LV,0.6310403769430408,0.3689596230569592,0.6310403769430408,0.10748016751895706,0.2046560795842649,500.0,200.0,0.0,77.6,Medium (60-70%)
2025_11_SF_ARI,2025,11,2025-11-16,Sunday,ARI,SF,ARI,0.6309017167957776,0.3690982832042224,0.6309017167957776,0.10734150737169379,0.2043913773631394,500.0,200.0,0.0,77.25,Medium (60-70%)
2025_01_CIN_CLE,2025,1,2025-09-07,Sunday,CLE,CIN,CLE,0.6308746983516356,0.3691253016483644,0.6308746983516356,0.1073144889275518,0.20433979915327227,500.0,200.0,0.0,77.19,Medium (60-70%)
2025_13_SF_CLE,2025,13,2025-11-30,Sunday,CLE,SF,CLE,0.6306746019153944,0.3693253980846056,0.6306746019153944,0.1071143924913106,0.2039578150564879,500.0,200.0,0.0,76.69,Medium (60-70%)
2025_15_GB_DEN,2025,15,2025-12-14,Sunday,DEN,GB,DEN,0.6306147601097996,0.3693852398902004,0.6306147601097996,0.10705455068571579,0.20384357704960732,500.0,200.0,0.0,76.54,Medium (60-70%)
2025_05_MIN_CLE,2025,5,2025-10-05,Sunday,CLE,MIN,CLE,0.6306147548253319,0.3693852451746681,0.6306147548253319,0.10705454540124815,0.2038435669615586,500.0,200.0,0.0,76.54,Medium (60-70%)
2025_10_LA_SF,2025,10,2025-11-09,Sunday,SF,LA,SF,0.6304493072767783,0.3695506927232217,0.6304493072767783,0.10688909785269451,0.20352772759136972,500.0,200.0,0.0,76.12,Medium (60-70%)
2025_03_GB_CLE,2025,3,2025-09-21,Sunday,CLE,GB,CLE,0.6304047942258577,0.3695952057741423,0.6304047942258577,0.10684458480177395,0.20344275217716234,500.0,200.0,0.0,76.01,Medium (60-70%)
2025_11_CHI_MIN,2025,11,2025-11-16,Sunday,MIN,CHI,MIN,0.6303395595290998,0.3696604404709002,0.6303395595290998,0.10677935010501605,0.20331821914105153,500.0,200.0,0.0,75.85,Medium (60-70%)
2025_09_DEN_HOU,2025,9,2025-11-02,Sunday,HOU,DEN,HOU,0.6302553472908814,0.3697446527091186,0.6302553472908814,0.10669513786679763,0.20315745797829265,500.0,200.0,0.0,75.64,Medium (60-70%)
2025_15_CAR_NO,2025,15,2025-12-14,Sunday,NO,CAR,NO,0.6301995593566388,0.3698004406433611,0.6301995593566388,0.10663934993255508,0.20305095881182356,500.0,200.0,0.0,75.5,Medium (60-70%)
2025_07_NE_TEN,2025,7,2025-10-19,Sunday,TEN,NE,TEN,0.6301653560256726,0.3698346439743274,0.6301653560256726,0.10660514660158882,0.20298566465300893,500.0,200.0,0.0,75.41,Medium (60-70%)
2025_11_BAL_CLE,2025,11,2025-11-16,Sunday,CLE,BAL,CLE,0.6301579917439186,0.3698420082560814,0.6301579917439186,0.10659778231983486,0.20297160623914068,500.0,200.0,0.0,75.39,Medium (60-70%)
2025_11_HOU_TEN,2025,11,2025-11-16,Sunday,TEN,HOU,TEN,0.630088670210116,0.3699113297898839,0.630088670210116,0.10652846078603229,0.20283927143111158,500.0,200.0,0.0,75.22,Medium (60-70%)
2025_08_SF_HOU,2025,8,2025-10-26,Sunday,HOU,SF,HOU,0.6298774143482583,0.3701225856517417,0.6298774143482583,0.10631720492417451,0.20243598399082507,500.0,200.0,0.0,74.69,Medium (60-70%)
2025_01_ARI_NO,2025,1,2025-09-07,Sunday,NO,ARI,NO,0.6298772604157072,0.3701227395842927,0.6298772604157072,0.10631705099162347,0.2024356901335851,500.0,200.0,0.0,74.69,Medium (60-70%)
2025_04_CHI_LV,2025,4,2025-09-28,Sunday,LV,CHI,LV,0.629794176074442,0.370205823925558,0.629794176074442,0.10623396665035822,0.20227708212610973,500.0,200.0,0.0,74.49,Medium (60-70%)
2025_06_NE_NO,2025,6,2025-10-12,Sunday,NO,NE,NO,0.629487548751102,0.370512451248898,0.629487548751102,0.10592733932701826,0.20169173056585377,500.0,200.0,0.0,73.72,Medium (60-70%)
2025_01_MIN_CHI,2025,1,2025-09-08,Monday,CHI,MIN,CHI,0.6293894581892263,0.3706105418107737,0.6293894581892263,0.10582924876514255,0.20150447568323304,500.0,200.0,0.0,73.47,Medium (60-70%)
2025_16_BUF_CLE,2025,16,2025-12-21,Sunday,CLE,BUF,CLE,0.6293736909253586,0.3706263090746414,0.6293736909253586,0.10581348150127479,0.20147437597650952,500.0,200.0,0.0,73.43,Medium (60-70%)
2025_05_KC_JAX,2025,5,2025-10-06,Monday,JAX,KC,JAX,0.6293334419102564,0.3706665580897436,0.6293334419102564,0.10577323248617265,0.20139754060667947,500.0,200.0,0.0,73.33,Medium (60-70%)
2025_03_DAL_CHI,2025,3,2025-09-21,Sunday,CHI,DAL,CHI,0.6292674216940557,0.3707325783059443,0.6292674216940557,0.10570721226997193,0.20127150801395233,500.0,200.0,0.0,73.17,Medium (60-70%)
2025_05_NYG_NO,2025,5,2025-10-05,Sunday,NO,NYG,NO,0.629182990812597,0.370817009187403,0.629182990812597,0.10562278138851322,0.20111032946124763,500.0,200.0,0.0,72.96,Medium (60-70%)
2025_11_DAL_LV,2025,11,2025-11-17,Monday,LV,DAL,LV,0.6291764752529896,0.3708235247470104,0.6291764752529896,0.10561626582890582,0.20109789125795718,500.0,200.0,0.0,72.94,Medium (60-70%)
2025_12_SEA_TEN,2025,12,2025-11-23,Sunday,TEN,SEA,TEN,0.6291598967855649,0.370840103214435,0.6291598967855649,0.10559968736148118,0.2010662429636435,500.0,200.0,0.0,72.9,Medium (60-70%)
2025_16_ATL_ARI,2025,16,2025-12-21,Sunday,ARI,ATL,ARI,0.629137885513471,0.3708621144865289,0.629137885513471,0.10557767608938728,0.2010242234452163,500.0,200.0,0.0,72.84,Medium (60-70%)
2025_08_TB_NO,2025,8,2025-10-26,Sunday,NO,TB,NO,0.6291230536195866,0.3708769463804133,0.6291230536195866,0.10556284419550288,0.20099590935979095,500.0,200.0,0.0,72.81,Medium (60-70%)
2025_13_JAX_TEN,2025,13,2025-11-30,Sunday,TEN,JAX,TEN,0.6290406067615327,0.3709593932384672,0.6290406067615327,0.10548039733744896,0.200838518307766,500.0,200.0,0.0,72.6,Medium (60-70%)
2025_12_ATL_NO,2025,12,2025-11-23,Sunday,NO,ATL,NO,0.6288995680496823,0.3711004319503177,0.6288995680496823,0.10533935862559851,0.20056927540684344,500.0,200.0,0.0,72.25,Medium (60-70%)
2025_07_MIA_CLE,2025,7,2025-10-19,Sunday,CLE,MIA,CLE,0.6288812308638121,0.3711187691361879,0.6288812308638121,0.10532102143972832,0.20053426971901733,500.0,200.0,0.0,72.2,Medium (60-70%)
2025_12_JAX_ARI,2025,12,2025-11-23,Sunday,ARI,JAX,ARI,0.6288294728909671,0.3711705271090328,0.6288294728909671,0.10526926346688337,0.20043546374885624,500.0,200.0,0.0,72.07,Medium (60-70%)
2025_01_CAR_JAX,2025,1,2025-09-07,Sunday,JAX,CAR,JAX,0.6285286490908428,0.3714713509091571,0.6285286490908428,0.10496843966675906,0.19986119111441902,500.0,200.0,0.0,71.32,Medium (60-70%)
2025_02_LAC_LV,2025,2,2025-09-15,Monday,LV,LAC,LV,0.6284492173929739,0.3715507826070261,0.6284492173929739,0.10488900796889011,0.19970955600318718,500.0,200.0,0.0,71.12,Medium (60-70%)
2025_09_LAC_TEN,2025,9,2025-11-02,Sunday,TEN,LAC,TEN,0.6269847629775299,0.3730152370224701,0.6269847629775299,0.10342455355344615,0.19691391252410462,500.0,200.0,0.0,67.46,Medium (60-70%)
