game_id,season,week,gameday,weekday,home_team,away_team,home_score,away_score,XGBoost_prob,LightGBM_prob,CatBoost_prob,RandomForest_prob,PyTorch NN_prob,TabNet_prob,Ensemble_prob,home_win_probability,away_win_probability,predicted_winner,confidence,confidence_category,actual_winner,correct_prediction
2025_02_CAR_ARI,2025,2,2025-09-14,Sunday,ARI,CAR,,,0.59743834,0.6048198347862026,0.5713958219310713,0.5749087629044988,0.9999951,0.47290155,0.6386111274917199,0.6386111274917199,0.3613888725082801,ARI,0.6386111274917199,Medium (60-70%),,
2025_04_SEA_ARI,2025,4,2025-09-25,Thursday,ARI,SEA,,,0.59510136,0.6048198347862026,0.5713958219310713,0.5719661370643998,0.9999893,0.45386043,0.6344859579523292,0.6344859579523292,0.3655140420476708,ARI,0.6344859579523292,Medium (60-70%),,
2025_05_TEN_ARI,2025,5,2025-10-05,Sunday,ARI,TEN,,,0.59510136,0.6073773010964839,0.572246558573699,0.6020380073471938,0.99999607,0.45329222,0.639452262414065,0.639452262414065,0.36054773758593495,ARI,0.639452262414065,Medium (60-70%),,
2025_07_GB_ARI,2025,7,2025-10-19,Sunday,ARI,GB,,,0.59510136,0.6056165267239216,0.5710453569835885,0.5736484179662577,0.9999894,0.49258685,0.6415648484066984,0.6415648484066984,0.35843515159330164,ARI,0.6415648484066984,Medium (60-70%),,
2025_11_SF_ARI,2025,11,2025-11-16,Sunday,ARI,SF,,,0.5953512,0.6048198347862026,0.5716975891074125,0.5721992803545242,0.99998975,0.43261963,0.6309017167957776,0.6309017167957776,0.36909828320422244,ARI,0.6309017167957776,Medium (60-70%),,
2025_12_JAX_ARI,2025,12,2025-11-23,Sunday,ARI,JAX,,,0.5953512,0.6048198347862026,0.5716975891074125,0.5676855264652471,0.99997854,0.4246584,0.6288294728909671,0.6288294728909671,0.37117052710903287,ARI,0.6288294728909671,Medium (60-70%),,
2025_14_LA_ARI,2025,14,2025-12-07,Sunday,ARI,LA,,,0.59510136,0.6056165267239216,0.5710453569835885,0.580613900386491,0.9999845,0.43779933,0.6330210045094908,0.6330210045094908,0.36697899549050916,ARI,0.6330210045094908,Medium (60-70%),,
2025_16_ATL_ARI,2025,16,2025-12-21,Sunday,ARI,ATL,,,0.59510136,0.6048198347862026,0.5713958219310713,0.5734668761260846,0.9999844,0.4220185,0.629137885513471,0.629137885513471,0.37086211448652895,ARI,0.629137885513471,Medium (60-70%),,
2025_01_TB_ATL,2025,1,2025-09-07,Sunday,ATL,TB,,,0.59510136,0.6056165267239216,0.5710453569835885,0.5643264364233027,0.99998724,0.4584277,0.6341883319641536,0.6341883319641536,0.3658116680358464,ATL,0.6341883319641536,Medium (60-70%),,
2025_04_WAS_ATL,2025,4,2025-09-28,Sunday,ATL,WAS,,,0.59510136,0.6048198347862026,0.5713958219310713,0.5801470915530865,0.9999852,0.446457,0.6344167895087347,0.6344167895087347,0.3655832104912653,ATL,0.6344167895087347,Medium (60-70%),,
2025_06_BUF_ATL,2025,6,2025-10-13,Monday,ATL,BUF,,,0.59510136,0.6056165267239216,0.5710453569835885,0.5807955937884234,0.99998677,0.5027219,0.6444101108080269,0.6444101108080269,0.3555898891919731,ATL,0.6444101108080269,Medium (60-70%),,
2025_08_MIA_ATL,2025,8,2025-10-26,Sunday,ATL,MIA,,,0.59510136,0.6048198347862026,0.5713958219310713,0.5747070230896828,0.99999404,0.4585834,0.6357244480290877,0.6357244480290877,0.3642755519709123,ATL,0.6357244480290877,Medium (60-70%),,
2025_11_CAR_ATL,2025,11,2025-11-16,Sunday,ATL,CAR,,,0.59510136,0.6048198347862026,0.5713958219310713,0.6015101695628098,0.99999213,0.44189668,0.6368244116153521,0.6368244116153521,0.3631755883846479,ATL,0.6368244116153521,Medium (60-70%),,
2025_14_SEA_ATL,2025,14,2025-12-07,Sunday,ATL,SEA,,,0.59510136,0.6056165267239216,0.5710453569835885,0.563130201689007,0.9999895,0.4477122,0.6321340848066634,0.6321340848066634,0.36786591519333656,ATL,0.6321340848066634,Medium (60-70%),,
2025_02_CLE_BAL,2025,2,2025-09-14,Sunday,BAL,CLE,,,0.5996385,0.6048198347862026,0.5713958219310713,0.5938265374024936,0.99999774,0.6401901,0.6710547634530631,0.6710547634530631,0.32894523654693686,BAL,0.6710547634530631,Medium (60-70%),,
2025_03_DET_BAL,2025,3,2025-09-22,Monday,BAL,DET,,,0.5996385,0.6056165267239216,0.5710453569835885,0.5615152349428094,0.9999927,0.75376916,0.6861329382582692,0.6861329382582692,0.31386706174173085,BAL,0.6861329382582692,Medium (60-70%),,
2025_05_HOU_BAL,2025,5,2025-10-05,Sunday,BAL,HOU,,,0.5998874,0.6048198347862026,0.5716975891074125,0.5809022712867069,0.9999925,0.71503043,0.6823099506652879,0.6823099506652879,0.3176900493347121,BAL,0.6823099506652879,Medium (60-70%),,
2025_06_LA_BAL,2025,6,2025-10-12,Sunday,BAL,LA,,,0.5996385,0.6048198347862026,0.5713958219310713,0.575412383041054,0.9999757,0.6461592,0.6693333671989479,0.6693333671989479,0.33066663280105213,BAL,0.6693333671989479,Medium (60-70%),,
2025_08_CHI_BAL,2025,8,2025-10-26,Sunday,BAL,CHI,,,0.5996385,0.6048198347862026,0.5713958219310713,0.5740787286490544,0.9999734,0.6445026,0.6688430220683501,0.6688430220683501,0.3311569779316499,BAL,0.6688430220683501,Medium (60-70%),,
2025_12_NYJ_BAL,2025,12,2025-11-23,Sunday,BAL,NYJ,,,0.59743834,0.6048198347862026,0.5715819565553072,0.5816286317937271,0.9999944,0.47573477,0.6401520144264841,0.6401520144264841,0.35984798557351594,BAL,0.6401520144264841,Medium (60-70%),,
2025_13_CIN_BAL,2025,13,2025-11-27,Thursday,BAL,CIN,,,0.59510136,0.6013611998091942,0.5715819565553072,0.5783639554880988,0.9999949,0.46250987,0.6364786983743094,0.6364786983743094,0.36352130162569063,BAL,0.6364786983743094,Medium (60-70%),,
2025_14_PIT_BAL,2025,14,2025-12-07,Sunday,BAL,PIT,,,0.59510136,0.6048198347862026,0.5713958219310713,0.5783525908694017,0.999992,0.44708332,0.6342584119902388,0.6342584119902388,0.3657415880097612,BAL,0.6342584119902388,Medium (60-70%),,
2025_16_NE_BAL,2025,16,2025-12-21,Sunday,BAL,NE,,,0.59510136,0.6056165267239216,0.5710453569835885,0.5743246086332278,0.9999871,0.45951605,0.6358785020862803,0.6358785020862803,0.3641214979137197,BAL,0.6358785020862803,Medium (60-70%),,
2025_01_BAL_BUF,2025,1,2025-09-07,Sunday,BUF,BAL,,,0.5998874,0.6048198347862026,0.5716975891074125,0.5604299467254349,0.99998975,0.75364876,0.6859968232859905,0.6859968232859905,0.31400317671400946,BUF,0.6859968232859905,Medium (60-70%),,
2025_03_MIA_BUF,2025,3,2025-09-18,Thursday,BUF,MIA,,,0.5998874,0.6048198347862026,0.5716975891074125,0.5692667046942641,0.99999464,0.7815094,0.6921988015866464,0.6921988015866464,0.3078011984133536,BUF,0.6921988015866464,Medium (60-70%),,
2025_04_NO_BUF,2025,4,2025-09-28,Sunday,BUF,NO,,,0.5998874,0.6048198347862026,0.5718836908699655,0.5869248702896005,0.9999968,0.66215444,0.6739980051998784,0.6739980051998784,0.3260019948001216,BUF,0.6739980051998784,Medium (60-70%),,
2025_05_NE_BUF,2025,5,2025-10-05,Sunday,BUF,NE,,,0.5998874,0.6048198347862026,0.5718836908699655,0.5796809226868184,0.9999932,0.73732096,0.6860649288155913,0.6860649288155913,0.31393507118440866,BUF,0.6860649288155913,Medium (60-70%),,
2025_09_KC_BUF,2025,9,2025-11-02,Sunday,BUF,KC,,,0.59975094,0.6048198347862026,0.5713958219310713,0.5671900676257506,0.99999034,0.58555037,0.657512923672358,0.657512923672358,0.34248707632764197,BUF,0.657512923672358,Medium (60-70%),,
2025_11_TB_BUF,2025,11,2025-11-16,Sunday,BUF,TB,,,0.59864026,0.6056165267239216,0.5710453569835885,0.5724072362473379,0.9999938,0.5424245,0.6506318750177263,0.6506318750177263,0.34936812498227365,BUF,0.6506318750177263,Medium (60-70%),,
2025_14_CIN_BUF,2025,14,2025-12-07,Sunday,BUF,CIN,,,0.59743834,0.6048198347862026,0.5713958219310713,0.5693447186034513,0.99999404,0.47583944,0.6382904544455581,0.6382904544455581,0.3617095455544419,BUF,0.6382904544455581,Medium (60-70%),,
2025_03_ATL_CAR,2025,3,2025-09-21,Sunday,CAR,ATL,,,0.59510136,0.6048198347862026,0.5713958219310713,0.5737199104316193,0.9999863,0.44189668,0.6326548445655512,0.6326548445655512,0.3673451554344488,CAR,0.6326548445655512,Medium (60-70%),,
2025_05_MIA_CAR,2025,5,2025-10-05,Sunday,CAR,MIA,,,0.59510136,0.6048198347862026,0.5713958219310713,0.5738185162712981,0.9999896,0.45330968,0.6346674937274069,0.6346674937274069,0.36533250627259306,CAR,0.6346674937274069,Medium (60-70%),,
2025_06_DAL_CAR,2025,6,2025-10-12,Sunday,CAR,DAL,,,0.59510136,0.6048198347862026,0.5713958219310713,0.568161496348612,0.99998796,0.45536998,0.6341792135637683,0.6341792135637683,0.3658207864362317,CAR,0.6341792135637683,Medium (60-70%),,
2025_08_BUF_CAR,2025,8,2025-10-26,Sunday,CAR,BUF,,,0.59743834,0.6048198347862026,0.5715819565553072,0.5803201774221225,0.9999918,0.5012182,0.6444148815050993,0.6444148815050993,0.3555851184949007,CAR,0.6444148815050993,Medium (60-70%),,
2025_10_NO_CAR,2025,10,2025-11-09,Sunday,CAR,NO,,,0.59510136,0.6073773010964839,0.5713958219310713,0.5918271384367318,0.9999932,0.45329222,0.6377499781094896,0.6377499781094896,0.36225002189051037,CAR,0.6377499781094896,Medium (60-70%),,
2025_13_LA_CAR,2025,13,2025-11-30,Sunday,CAR,LA,,,0.59456325,0.6056165267239216,0.5710453569835885,0.5666913511324654,0.9999733,0.4589141,0.6345450286732249,0.6345450286732249,0.36545497132677507,CAR,0.6345450286732249,Medium (60-70%),,
2025_16_TB_CAR,2025,16,2025-12-21,Sunday,CAR,TB,,,0.59456325,0.6048198347862026,0.5713958219310713,0.5848454100920144,0.9999895,0.45552346,0.6366282160496256,0.6366282160496256,0.3633717839503744,CAR,0.6366282160496256,Medium (60-70%),,
2025_01_MIN_CHI,2025,1,2025-09-08,Monday,CHI,MIN,,,0.59456325,0.6048198347862026,0.5713958219310713,0.5756786312908845,0.99998736,0.4220185,0.6293894581892263,0.6293894581892263,0.3706105418107737,CHI,0.6293894581892263,Medium (60-70%),,
2025_03_DAL_CHI,2025,3,2025-09-21,Sunday,CHI,DAL,,,0.59510136,0.6048198347862026,0.5713958219310713,0.5743345236473756,0.9999809,0.4220185,0.6292674216940557,0.6292674216940557,0.3707325783059443,CHI,0.6292674216940557,Medium (60-70%),,
2025_07_NO_CHI,2025,7,2025-10-19,Sunday,CHI,NO,,,0.59510136,0.6048198347862026,0.5715819565553072,0.5836029018221909,0.9999943,0.43208748,0.6324593145891857,0.6324593145891857,0.3675406854108143,CHI,0.6324593145891857,Medium (60-70%),,
2025_10_NYG_CHI,2025,10,2025-11-09,Sunday,CHI,NYG,,,0.59510136,0.6048198347862026,0.5713958219310713,0.5684359760108548,0.9999926,0.4448494,0.632380084655084,0.632380084655084,0.367619915344916,CHI,0.632380084655084,Medium (60-70%),,
2025_12_PIT_CHI,2025,12,2025-11-23,Sunday,CHI,PIT,,,0.59510136,0.6048198347862026,0.5715819565553072,0.5724346009183882,0.99999046,0.454713,0.6347428609479848,0.6347428609479848,0.3652571390520152,CHI,0.6347428609479848,Medium (60-70%),,
2025_15_CLE_CHI,2025,15,2025-12-14,Sunday,CHI,CLE,,,0.59510136,0.6048198347862026,0.5713958219310713,0.5869900231320417,0.9999937,0.44189668,0.6346466578716384,0.6346466578716384,0.36535334212836157,CHI,0.6346466578716384,Medium (60-70%),,
2025_16_GB_CHI,2025,16,2025-12-20,Saturday,CHI,GB,,,0.59510136,0.6048198347862026,0.5713958219310713,0.573330184489439,0.9999937,0.47115296,0.6377175347969392,0.6377175347969392,0.36228246520306084,CHI,0.6377175347969392,Medium (60-70%),,
2025_02_JAX_CIN,2025,2,2025-09-14,Sunday,CIN,JAX,,,0.59864026,0.6013611998091942,0.5715819565553072,0.5770079696101795,0.99999046,0.50138986,0.6436093614595899,0.6436093614595899,0.3563906385404101,CIN,0.6436093614595899,Medium (60-70%),,
2025_05_DET_CIN,2025,5,2025-10-05,Sunday,CIN,DET,,,0.59743834,0.6056165267239216,0.5710453569835885,0.5654935401224186,0.9999279,0.5248734,0.6463315482539224,0.6463315482539224,0.35366845174607764,CIN,0.6463315482539224,Medium (60-70%),,
2025_07_PIT_CIN,2025,7,2025-10-16,Thursday,CIN,PIT,,,0.59510136,0.6048198347862026,0.5713958219310713,0.5834264847340369,0.9999802,0.45329222,0.6361039951310417,0.6361039951310417,0.36389600486895834,CIN,0.6361039951310417,Medium (60-70%),,
2025_08_NYJ_CIN,2025,8,2025-10-26,Sunday,CIN,NYJ,,,0.59510136,0.6048198347862026,0.5713958219310713,0.6048520053061647,0.9999919,0.45329222,0.6393198646759444,0.6393198646759444,0.36068013532405563,CIN,0.6393198646759444,Medium (60-70%),,
2025_09_CHI_CIN,2025,9,2025-11-02,Sunday,CIN,CHI,,,0.59743834,0.6048198347862026,0.5713958219310713,0.5763497377267581,0.99998975,0.47103652,0.6384999548082748,0.6384999548082748,0.3615000451917252,CIN,0.6384999548082748,Medium (60-70%),,
2025_12_NE_CIN,2025,12,2025-11-23,Sunday,CIN,NE,,,0.59743834,0.6194076532167403,0.5710453569835885,0.5745202735253855,0.9999752,0.48646602,0.64304123176872,0.64304123176872,0.35695876823128003,CIN,0.64304123176872,Medium (60-70%),,
2025_15_BAL_CIN,2025,15,2025-12-14,Sunday,CIN,BAL,,,0.59864026,0.6048198347862026,0.5713958219310713,0.577410299520189,0.9999932,0.51031005,0.6457127943010406,0.6457127943010406,0.35428720569895944,CIN,0.6457127943010406,Medium (60-70%),,
2025_01_CIN_CLE,2025,1,2025-09-07,Sunday,CLE,CIN,,,0.59456325,0.6056165267239216,0.5710453569835885,0.5722748461943978,0.9999696,0.43315858,0.6308746983516356,0.6308746983516356,0.36912530164836443,CLE,0.6308746983516356,Medium (60-70%),,
2025_03_GB_CLE,2025,3,2025-09-21,Sunday,CLE,GB,,,0.5923093,0.6056165267239216,0.5710453569835885,0.5710517855000738,0.99997437,0.43344894,0.6304047942258577,0.6304047942258577,0.3695952057741423,CLE,0.6304047942258577,Medium (60-70%),,
2025_05_MIN_CLE,2025,5,2025-10-05,Sunday,CLE,MIN,,,0.5923093,0.6048198347862026,0.5713958219310713,0.5743685972256446,0.99997497,0.43208748,0.6306147548253319,0.6306147548253319,0.3693852451746681,CLE,0.6306147548253319,Medium (60-70%),,
2025_07_MIA_CLE,2025,7,2025-10-19,Sunday,CLE,MIA,,,0.5923093,0.6048198347862026,0.5713958219310713,0.5745555249639959,0.9999778,0.4220185,0.6288812308638121,0.6288812308638121,0.3711187691361879,CLE,0.6288812308638121,Medium (60-70%),,
2025_11_BAL_CLE,2025,11,2025-11-16,Sunday,CLE,BAL,,,0.5923093,0.6048198347862026,0.5713958219310713,0.5713131785444618,0.9999838,0.43208748,0.6301579917439186,0.6301579917439186,0.3698420082560814,CLE,0.6301579917439186,Medium (60-70%),,
2025_13_SF_CLE,2025,13,2025-11-30,Sunday,CLE,SF,,,0.59456325,0.6048198347862026,0.5713958219310713,0.5725015085727754,0.99998534,0.43208748,0.6306746019153944,0.6306746019153944,0.3693253980846056,CLE,0.6306746019153944,Medium (60-70%),,
2025_14_TEN_CLE,2025,14,2025-12-07,Sunday,CLE,TEN,,,0.59456325,0.6048198347862026,0.5713958219310713,0.603963711101777,0.99999344,0.43208748,0.635395347905058,0.635395347905058,0.364604652094942,CLE,0.635395347905058,Medium (60-70%),,
2025_16_BUF_CLE,2025,16,2025-12-21,Sunday,CLE,BUF,,,0.59456325,0.6048198347862026,0.5713958219310713,0.5638557894115017,0.9999622,0.43208748,0.6293736909253586,0.6293736909253586,0.37062630907464145,CLE,0.6293736909253586,Medium (60-70%),,
2025_02_NYG_DAL,2025,2,2025-09-14,Sunday,DAL,NYG,,,0.59510136,0.6048198347862026,0.5713958219310713,0.5873072941410337,0.9999862,0.44189668,0.6346929372208021,0.6346929372208021,0.3653070627791979,DAL,0.6346929372208021,Medium (60-70%),,
2025_04_GB_DAL,2025,4,2025-09-28,Sunday,DAL,GB,,,0.59510136,0.6056165267239216,0.5710453569835885,0.5780921970031971,0.9999877,0.49170884,0.6420774862671068,0.6420774862671068,0.3579225137328932,DAL,0.6420774862671068,Medium (60-70%),,
2025_07_WAS_DAL,2025,7,2025-10-19,Sunday,DAL,WAS,,,0.59743834,0.6056165267239216,0.5710453569835885,0.5639804648303491,0.99999166,0.5055769,0.6427388691318382,0.6427388691318382,0.3572611308681618,DAL,0.6427388691318382,Medium (60-70%),,
2025_09_ARI_DAL,2025,9,2025-11-03,Monday,DAL,ARI,,,0.59743834,0.6048198347862026,0.5713958219310713,0.5695225761077713,0.9999924,0.49382433,0.6414641912601213,0.6414641912601213,0.35853580873987867,DAL,0.6414641912601213,Medium (60-70%),,
2025_12_PHI_DAL,2025,12,2025-11-23,Sunday,DAL,PHI,,,0.59864026,0.6048198347862026,0.5713958219310713,0.5743360067412899,0.999987,0.5096364,0.6451326720626533,0.6451326720626533,0.35486732793734665,DAL,0.6451326720626533,Medium (60-70%),,
2025_13_KC_DAL,2025,13,2025-11-27,Thursday,DAL,KC,,,0.59864026,0.6048198347862026,0.5713958219310713,0.5729845885320426,0.999992,0.5437668,0.6509036560399455,0.6509036560399455,0.3490963439600545,DAL,0.6509036560399455,Medium (60-70%),,
2025_15_MIN_DAL,2025,15,2025-12-14,Sunday,DAL,MIN,,,0.5999998,0.6048198347862026,0.5716975891074125,0.5939544159305722,0.9999926,0.55439425,0.6561733242126634,0.6561733242126634,0.3438266757873366,DAL,0.6561733242126634,Medium (60-70%),,
2025_16_LAC_DAL,2025,16,2025-12-21,Sunday,DAL,LAC,,,0.5988894,0.6048198347862026,0.5716975891074125,0.5722995984029936,0.999987,0.5245952,0.6475427276545029,0.6475427276545029,0.35245727234549706,DAL,0.6475427276545029,Medium (60-70%),,
2025_01_TEN_DEN,2025,1,2025-09-07,Sunday,DEN,TEN,,,0.59743834,0.6048198347862026,0.5713958219310713,0.5747713507379847,0.9999957,0.47056338,0.6381814415390688,0.6381814415390688,0.36181855846093125,DEN,0.6381814415390688,Medium (60-70%),,
2025_04_CIN_DEN,2025,4,2025-09-29,Monday,DEN,CIN,,,0.5976877,0.6048198347862026,0.5716975891074125,0.5738411268665926,0.99999416,0.5153323,0.6459739413553095,0.6459739413553095,0.3540260586446905,DEN,0.6459739413553095,Medium (60-70%),,
2025_07_NYG_DEN,2025,7,2025-10-19,Sunday,DEN,NYG,,,0.5953512,0.6048198347862026,0.5718836908699655,0.579836308886131,0.9999939,0.44189668,0.6337087030969973,0.6337087030969973,0.36629129690300266,DEN,0.6337087030969973,Medium (60-70%),,
2025_08_DAL_DEN,2025,8,2025-10-26,Sunday,DEN,DAL,,,0.5953512,0.6048198347862026,0.5718836908699655,0.565122907881605,0.9999844,0.45459026,0.6337213997200764,0.6337213997200764,0.36627860027992365,DEN,0.6337213997200764,Medium (60-70%),,
2025_10_LV_DEN,2025,10,2025-11-06,Thursday,DEN,LV,,,0.59510136,0.6013611998091942,0.5715819565553072,0.5873501164982801,0.99999464,0.45729122,0.6369133154551043,0.6369133154551043,0.3630866845448957,DEN,0.6369133154551043,Medium (60-70%),,
2025_11_KC_DEN,2025,11,2025-11-16,Sunday,DEN,KC,,,0.59510136,0.5951012418898924,0.5715819565553072,0.5795297741312666,0.9999912,0.44806048,0.6331852767335873,0.6331852767335873,0.36681472326641273,DEN,0.6331852767335873,Medium (60-70%),,
2025_15_GB_DEN,2025,15,2025-12-14,Sunday,DEN,GB,,,0.59510136,0.5883277319298862,0.5715819565553072,0.5700878950665077,0.99998474,0.4472771,0.6306147601097996,0.6306147601097996,0.36938523989020045,DEN,0.6306147601097996,Medium (60-70%),,
2025_16_JAX_DEN,2025,16,2025-12-21,Sunday,DEN,JAX,,,0.59510136,0.5883277319298862,0.5715819565553072,0.5650698724769222,0.9999807,0.4714245,0.6340871394168459,0.6340871394168459,0.3659128605831541,DEN,0.6340871394168459,Medium (60-70%),,
2025_02_CHI_DET,2025,2,2025-09-14,Sunday,DET,CHI,,,0.5999998,0.6048198347862026,0.5716975891074125,0.5919287532485139,0.99999464,0.5440624,0.6540617553412842,0.6540617553412842,0.3459382446587158,DET,0.6540617553412842,Medium (60-70%),,
2025_04_CLE_DET,2025,4,2025-09-28,Sunday,DET,CLE,,,0.5998874,0.6048198347862026,0.5716975891074125,0.5833730371179325,0.99999547,0.58392596,0.6597378064433492,0.6597378064433492,0.34026219355665077,DET,0.6597378064433492,Medium (60-70%),,
2025_07_TB_DET,2025,7,2025-10-20,Monday,DET,TB,,,0.5996385,0.6056165267239216,0.5710453569835885,0.5659797487648666,0.9999919,0.7624423,0.6883202687968487,0.6883202687968487,0.3116797312031513,DET,0.6883202687968487,Medium (60-70%),,
2025_09_MIN_DET,2025,9,2025-11-02,Sunday,DET,MIN,,,0.5996385,0.6048198347862026,0.5713958219310713,0.5811774315883012,0.99999416,0.6569145,0.6720835311539896,0.6720835311539896,0.32791646884601044,DET,0.6720835311539896,Medium (60-70%),,
2025_12_NYG_DET,2025,12,2025-11-23,Sunday,DET,NYG,,,0.59864026,0.6048198347862026,0.5713958219310713,0.569357466028652,0.99999404,0.5403535,0.6497626173446889,0.6497626173446889,0.3502373826553111,DET,0.6497626173446889,Medium (60-70%),,
2025_13_GB_DET,2025,13,2025-11-27,Thursday,DET,GB,,,0.59975094,0.6048198347862026,0.5713958219310713,0.5699946465912805,0.99999297,0.5710162,0.6553905783478454,0.6553905783478454,0.3446094216521546,DET,0.6553905783478454,Medium (60-70%),,
2025_14_DAL_DET,2025,14,2025-12-04,Thursday,DET,DAL,,,0.59864026,0.6048198347862026,0.5713958219310713,0.5716620764878935,0.9999857,0.5553917,0.6527385426782236,0.6527385426782236,0.3472614573217764,DET,0.6527385426782236,Medium (60-70%),,
2025_16_PIT_DET,2025,16,2025-12-21,Sunday,DET,PIT,,,0.59864026,0.6048198347862026,0.5713958219310713,0.574122769502781,0.9999912,0.53392833,0.6493525018555429,0.6493525018555429,0.35064749814445706,DET,0.6493525018555429,Medium (60-70%),,
2025_01_DET_GB,2025,1,2025-09-07,Sunday,GB,DET,,,0.5999998,0.6056165267239216,0.571347185802107,0.5639387541128699,0.99999046,0.66072375,0.6703276866686191,0.6703276866686191,0.3296723133313809,GB,0.6703276866686191,Medium (60-70%),,
2025_02_WAS_GB,2025,2,2025-09-11,Thursday,GB,WAS,,,0.5988894,0.6056165267239216,0.571347185802107,0.565769420776007,0.99998915,0.5675103,0.6541231521084583,0.6541231521084583,0.3458768478915417,GB,0.6541231521084583,Medium (60-70%),,
2025_06_CIN_GB,2025,6,2025-10-12,Sunday,GB,CIN,,,0.5988894,0.6073773010964839,0.5716975891074125,0.5795521853304849,0.99999595,0.52929205,0.6498377483135468,0.6498377483135468,0.3501622516864532,GB,0.6498377483135468,Medium (60-70%),,
2025_09_CAR_GB,2025,9,2025-11-02,Sunday,GB,CAR,,,0.5953512,0.6048198347862026,0.5718836908699655,0.5925413473313068,0.9999949,0.45647964,0.6381666403460888,0.6381666403460888,0.36183335965391117,GB,0.6381666403460888,Medium (60-70%),,
2025_10_PHI_GB,2025,10,2025-11-10,Monday,GB,PHI,,,0.59510136,0.6048198347862026,0.5713958219310713,0.5663749060789537,0.9999907,0.4579479,0.6343628345156215,0.6343628345156215,0.3656371654843785,GB,0.6343628345156215,Medium (60-70%),,
2025_12_MIN_GB,2025,12,2025-11-23,Sunday,GB,MIN,,,0.59510136,0.6048198347862026,0.5713958219310713,0.5874239857110435,0.99999225,0.44189668,0.6347114989387483,0.6347114989387483,0.36528850106125166,GB,0.6347114989387483,Medium (60-70%),,
2025_14_CHI_GB,2025,14,2025-12-07,Sunday,GB,CHI,,,0.59510136,0.6048198347862026,0.5715819565553072,0.5735099363325793,0.99999166,0.46190548,0.6361630560612532,0.6361630560612532,0.36383694393874677,GB,0.6361630560612532,Medium (60-70%),,
2025_02_TB_HOU,2025,2,2025-09-15,Monday,HOU,TB,,,0.59510136,0.6056165267239216,0.5710453569835885,0.5662271726456712,0.99997497,0.44000018,0.6312464767316917,0.6312464767316917,0.36875352326830835,HOU,0.6312464767316917,Medium (60-70%),,
2025_04_TEN_HOU,2025,4,2025-09-28,Sunday,HOU,TEN,,,0.59510136,0.6048198347862026,0.5713958219310713,0.5966827669612047,0.99999404,0.43208748,0.634384022731707,0.634384022731707,0.365615977268293,HOU,0.634384022731707,Medium (60-70%),,
2025_08_SF_HOU,2025,8,2025-10-26,Sunday,HOU,SF,,,0.59456325,0.6048198347862026,0.5713958219310713,0.5671750038629131,0.9999956,0.43208748,0.6298774143482583,0.6298774143482583,0.3701225856517417,HOU,0.6298774143482583,Medium (60-70%),,
2025_09_DEN_HOU,2025,9,2025-11-02,Sunday,HOU,DEN,,,0.59456325,0.6056165267239216,0.5710453569835885,0.5690549589671395,0.9999902,0.43235874,0.6302553472908814,0.6302553472908814,0.3697446527091186,HOU,0.6302553472908814,Medium (60-70%),,
2025_10_JAX_HOU,2025,10,2025-11-09,Sunday,HOU,JAX,,,0.59456325,0.6048198347862026,0.5713958219310713,0.5832872381434854,0.9999926,0.43208748,0.6322937279497023,0.6322937279497023,0.3677062720502977,HOU,0.6322937279497023,Medium (60-70%),,
2025_12_BUF_HOU,2025,12,2025-11-20,Thursday,HOU,BUF,,,0.59456325,0.6048198347862026,0.5713958219310713,0.5662435094631573,0.9999877,0.44508785,0.6320113838690582,0.6320113838690582,0.3679886161309418,HOU,0.6320113838690582,Medium (60-70%),,
2025_15_ARI_HOU,2025,15,2025-12-14,Sunday,HOU,ARI,,,0.59510136,0.6013611998091942,0.5715819565553072,0.5794572242686857,0.9999944,0.44549868,0.6336656378505428,0.6336656378505428,0.36633436214945725,HOU,0.6336656378505428,Medium (60-70%),,
2025_16_LV_HOU,2025,16,2025-12-21,Sunday,HOU,LV,,,0.59510136,0.6039263913619507,0.5715819565553072,0.5960705386842255,0.99999726,0.45329222,0.6379067938670182,0.6379067938670182,0.3620932061329818,HOU,0.6379067938670182,Medium (60-70%),,
2025_01_MIA_IND,2025,1,2025-09-07,Sunday,IND,MIA,,,0.59510136,0.6048198347862026,0.5713958219310713,0.5754478102976478,0.99998975,0.44886398,0.6341339205571704,0.6341339205571704,0.36586607944282956,IND,0.6341339205571704,Medium (60-70%),,
2025_02_DEN_IND,2025,2,2025-09-14,Sunday,IND,DEN,,,0.59510136,0.6048198347862026,0.5713958219310713,0.565644453184462,0.99998915,0.46908104,0.6362012953843195,0.6362012953843195,0.36379870461568053,IND,0.6362012953843195,Medium (60-70%),,
2025_05_LV_IND,2025,5,2025-10-05,Sunday,IND,LV,,,0.59743834,0.6048198347862026,0.5713958219310713,0.5726117357389859,0.9999949,0.47053,0.637851509022419,0.637851509022419,0.36214849097758095,IND,0.637851509022419,Medium (60-70%),,
2025_06_ARI_IND,2025,6,2025-10-12,Sunday,IND,ARI,,,0.5988894,0.6048198347862026,0.5716975891074125,0.5727080871960368,0.9999962,0.5418943,0.6506329525587522,0.6506329525587522,0.3493670474412478,IND,0.6506329525587522,Medium (60-70%),,
2025_08_TEN_IND,2025,8,2025-10-26,Sunday,IND,TEN,,,0.5998874,0.6048198347862026,0.5718836908699655,0.5871085669007556,0.99999726,0.60662514,0.6643080207387242,0.6643080207387242,0.3356919792612758,IND,0.6643080207387242,Medium (60-70%),,
2025_10_ATL_IND,2025,10,2025-11-09,Sunday,IND,ATL,,,0.5999998,0.6048198347862026,0.5716975891074125,0.5779866871478557,0.9999963,0.6016997,0.6620572724062994,0.6620572724062994,0.3379427275937006,IND,0.6620572724062994,Medium (60-70%),,
2025_13_HOU_IND,2025,13,2025-11-30,Sunday,IND,HOU,,,0.5999998,0.6048198347862026,0.5716975891074125,0.5830959425068353,0.99999034,0.5636189,0.6561584756162667,0.6561584756162667,0.3438415243837333,IND,0.6561584756162667,Medium (60-70%),,
2025_16_SF_IND,2025,16,2025-12-22,Monday,IND,SF,,,0.59864026,0.6048198347862026,0.5713958219310713,0.5787162222184731,0.99998343,0.52168965,0.6478983975070947,0.6478983975070947,0.35210160249290534,IND,0.6478983975070947,Medium (60-70%),,
2025_01_CAR_JAX,2025,1,2025-09-07,Sunday,JAX,CAR,,,0.59510136,0.6048198347862026,0.5713958219310713,0.5694002335804244,0.9999888,0.4220185,0.6285286490908428,0.6285286490908428,0.37147135090915717,JAX,0.6285286490908428,Medium (60-70%),,
2025_03_HOU_JAX,2025,3,2025-09-21,Sunday,JAX,HOU,,,0.59510136,0.6048198347862026,0.5713958219310713,0.5882519075400033,0.9999938,0.4220185,0.6313572793532901,0.6313572793532901,0.3686427206467099,JAX,0.6313572793532901,Medium (60-70%),,
2025_05_KC_JAX,2025,5,2025-10-06,Monday,JAX,KC,,,0.59510136,0.6048198347862026,0.5713958219310713,0.5747646249735097,0.9999895,0.4220185,0.6293334419102564,0.6293334419102564,0.3706665580897436,JAX,0.6293334419102564,Medium (60-70%),,
2025_06_SEA_JAX,2025,6,2025-10-12,Sunday,JAX,SEA,,,0.59510136,0.6048198347862026,0.5715819565553072,0.5714314806994306,0.9999876,0.4353007,0.6311947344478483,0.6311947344478483,0.36880526555215165,JAX,0.6311947344478483,Medium (60-70%),,
2025_07_LA_JAX,2025,7,2025-10-19,Sunday,JAX,LA,,,0.59510136,0.6048198347862026,0.5713958219310713,0.5870036887890246,0.99999106,0.43208748,0.6329316394652382,0.6329316394652382,0.3670683605347618,JAX,0.6329316394652382,Medium (60-70%),,
2025_11_LAC_JAX,2025,11,2025-11-16,Sunday,JAX,LAC,,,0.59510136,0.6048198347862026,0.5713958219310713,0.5680778976889589,0.9999738,0.4441553,0.6322016129347041,0.6322016129347041,0.3677983870652959,JAX,0.6322016129347041,Medium (60-70%),,
2025_14_IND_JAX,2025,14,2025-12-07,Sunday,JAX,IND,,,0.59510136,0.6056165267239216,0.5712315295988581,0.57490272904643,0.99999523,0.49740455,0.6426343580216678,0.6426343580216678,0.3573656419783322,JAX,0.6426343580216678,Medium (60-70%),,
2025_15_NYJ_JAX,2025,15,2025-12-14,Sunday,JAX,NYJ,,,0.59743834,0.6048198347862026,0.5715819565553072,0.588654133578018,0.9999964,0.47086415,0.6403538360005471,0.6403538360005471,0.35964616399945293,JAX,0.6403538360005471,Medium (60-70%),,
2025_02_PHI_KC,2025,2,2025-09-14,Sunday,KC,PHI,,,0.59510136,0.6056165267239216,0.5710453569835885,0.5747352831607796,0.99997866,0.44493213,0.633386424216398,0.633386424216398,0.366613575783602,KC,0.633386424216398,Medium (60-70%),,
2025_04_BAL_KC,2025,4,2025-09-28,Sunday,KC,BAL,,,0.59510136,0.6048198347862026,0.5713958219310713,0.5677250264951471,0.9999844,0.44660798,0.6325797653983898,0.6325797653983898,0.3674202346016102,KC,0.6325797653983898,Medium (60-70%),,
2025_06_DET_KC,2025,6,2025-10-12,Sunday,KC,DET,,,0.59088635,0.6056165267239216,0.5709538539277309,0.5517982654524354,0.99998665,0.46623644,0.6330249784687921,0.6330249784687921,0.36697502153120787,KC,0.6330249784687921,Medium (60-70%),,
2025_07_LV_KC,2025,7,2025-10-19,Sunday,KC,LV,,,0.59510136,0.6048198347862026,0.5713958219310713,0.5753068398155725,0.99999523,0.44189668,0.6328944485950696,0.6328944485950696,0.3671055514049304,KC,0.6328944485950696,Medium (60-70%),,
2025_08_WAS_KC,2025,8,2025-10-27,Monday,KC,WAS,,,0.59510136,0.6056165267239216,0.5710453569835885,0.5739958489409777,0.99999475,0.49103755,0.6413467751981394,0.6413467751981394,0.35865322480186057,KC,0.6413467751981394,Medium (60-70%),,
2025_12_IND_KC,2025,12,2025-11-23,Sunday,KC,IND,,,0.59510136,0.6056165267239216,0.5710453569835885,0.5662926023523169,0.9999896,0.535455,0.647963443315908,0.647963443315908,0.35203655668409195,KC,0.647963443315908,Medium (60-70%),,
2025_14_HOU_KC,2025,14,2025-12-07,Sunday,KC,HOU,,,0.5953512,0.6048198347862026,0.5716975891074125,0.5782453990285744,0.99999094,0.45671123,0.6360248734532007,0.6360248734532007,0.3639751265467993,KC,0.6360248734532007,Medium (60-70%),,
2025_15_LAC_KC,2025,15,2025-12-14,Sunday,KC,LAC,,,0.59510136,0.6048198347862026,0.5713958219310713,0.5824459949549523,0.99999106,0.458772,0.6369177783402807,0.6369177783402807,0.36308222165971926,KC,0.6369177783402807,Medium (60-70%),,
2025_01_KC_LAC,2025,1,2025-09-05,Friday,LAC,KC,,,0.59743834,0.6048198347862026,0.5715819565553072,0.5763239164229303,0.9999964,0.47239175,0.6387716377096821,0.6387716377096821,0.36122836229031785,LAC,0.6387716377096821,Medium (60-70%),,
2025_03_DEN_LAC,2025,3,2025-09-21,Sunday,LAC,DEN,,,0.59743834,0.6021602779236471,0.5712315295988581,0.5786050614798954,0.9999914,0.50920177,0.645085661011402,0.645085661011402,0.35491433898859803,LAC,0.645085661011402,Medium (60-70%),,
2025_05_WAS_LAC,2025,5,2025-10-05,Sunday,LAC,WAS,,,0.59510136,0.6056165267239216,0.5710453569835885,0.5723982221372951,0.9999912,0.4766954,0.6385966282431312,0.6385966282431312,0.36140337175686876,LAC,0.6385966282431312,Medium (60-70%),,
2025_07_IND_LAC,2025,7,2025-10-19,Sunday,LAC,IND,,,0.59510136,0.6056165267239216,0.5710453569835885,0.5655832475429005,0.9999795,0.49303016,0.6404309272042521,0.6404309272042521,0.3595690727957479,LAC,0.6404309272042521,Medium (60-70%),,
2025_08_MIN_LAC,2025,8,2025-10-23,Thursday,LAC,MIN,,,0.59510136,0.6048198347862026,0.5713958219310713,0.5802574443991707,0.99998724,0.47412124,0.6392749383237851,0.6392749383237851,0.3607250616762149,LAC,0.6392749383237851,Medium (60-70%),,
2025_10_PIT_LAC,2025,10,2025-11-09,Sunday,LAC,PIT,,,0.59510136,0.6048198347862026,0.5713958219310713,0.5662113058332426,0.9999925,0.4453604,0.6321357910956051,0.6321357910956051,0.36786420890439486,LAC,0.6321357910956051,Medium (60-70%),,
2025_13_LV_LAC,2025,13,2025-11-30,Sunday,LAC,LV,,,0.59510136,0.6048198347862026,0.5713958219310713,0.605373336483856,0.99999464,0.43208748,0.6356877124682331,0.6356877124682331,0.3643122875317669,LAC,0.6356877124682331,Medium (60-70%),,
2025_14_PHI_LAC,2025,14,2025-12-08,Monday,LAC,PHI,,,0.59510136,0.6048198347862026,0.5713958219310713,0.6083026479368856,0.99999285,0.44189668,0.6378434025807531,0.6378434025807531,0.3621565974192469,LAC,0.6378434025807531,Medium (60-70%),,
2025_02_LAC_LV,2025,2,2025-09-15,Monday,LV,LAC,,,0.59456325,0.6048198347862026,0.5713958219310713,0.5694165184624956,0.9999821,0.4220185,0.6284492173929739,0.6284492173929739,0.3715507826070261,LV,0.6284492173929739,Medium (60-70%),,
2025_04_CHI_LV,2025,4,2025-09-28,Sunday,LV,CHI,,,0.59456325,0.6048198347862026,0.5713958219310713,0.5783781413007005,0.9999862,0.4220185,0.629794176074442,0.629794176074442,0.370205823925558,LV,0.629794176074442,Medium (60-70%),,
2025_06_TEN_LV,2025,6,2025-10-12,Sunday,LV,TEN,,,0.59510136,0.6073773010964839,0.5713958219310713,0.5922973594252507,0.99998724,0.4220185,0.6323465696932076,0.6323465696932076,0.36765343030679243,LV,0.6323465696932076,Medium (60-70%),,
2025_09_JAX_LV,2025,9,2025-11-02,Sunday,LV,JAX,,,0.59510136,0.6048198347862026,0.5713958219310713,0.5861500529821416,0.9999845,0.4220185,0.6310403769430408,0.6310403769430408,0.3689596230569592,LV,0.6310403769430408,Medium (60-70%),,
2025_11_DAL_LV,2025,11,2025-11-17,Monday,LV,DAL,,,0.59510136,0.6048198347862026,0.5713958219310713,0.5736236078886874,0.9999825,0.42210665,0.6291764752529896,0.6291764752529896,0.3708235247470104,LV,0.6291764752529896,Medium (60-70%),,
2025_12_CLE_LV,2025,12,2025-11-23,Sunday,LV,CLE,,,0.59510136,0.6048198347862026,0.5713958219310713,0.5985927816014018,0.9999924,0.4220185,0.6329081571427596,0.6329081571427596,0.3670918428572404,LV,0.6329081571427596,Medium (60-70%),,
2025_14_DEN_LV,2025,14,2025-12-07,Sunday,LV,DEN,,,0.59456325,0.6186212765957845,0.5713958219310713,0.5744955271551707,0.9999765,0.4220185,0.6312803014916737,0.6312803014916737,0.3687196985083263,LV,0.6312803014916737,Medium (60-70%),,
2025_02_NE_MIA,2025,2,2025-09-14,Sunday,MIA,NE,,,0.59510136,0.6048198347862026,0.5713958219310713,0.5994391964473741,0.99999225,0.45329222,0.6385080029517707,0.6385080029517707,0.3614919970482293,MIA,0.6385080029517707,Medium (60-70%),,
2025_04_NYJ_MIA,2025,4,2025-09-29,Monday,MIA,NYJ,,,0.59510136,0.6048198347862026,0.5713958219310713,0.5765146344481835,0.9999862,0.4459164,0.6337774922845139,0.6337774922845139,0.36622250771548615,MIA,0.6337774922845139,Medium (60-70%),,
2025_06_LAC_MIA,2025,6,2025-10-12,Sunday,MIA,LAC,,,0.59510136,0.6048198347862026,0.5713958219310713,0.5965658416904371,0.9999927,0.43274546,0.6344814016962188,0.6344814016962188,0.3655185983037812,MIA,0.6344814016962188,Medium (60-70%),,
2025_09_BAL_MIA,2025,9,2025-10-30,Thursday,MIA,BAL,,,0.59510136,0.6048198347862026,0.5713958219310713,0.585165070898468,0.9999925,0.4617074,0.6378395882319645,0.6378395882319645,0.3621604117680355,MIA,0.6378395882319645,Medium (60-70%),,
2025_10_BUF_MIA,2025,10,2025-11-09,Sunday,MIA,BUF,,,0.59510136,0.6048198347862026,0.5713958219310713,0.5756406614506812,0.99998176,0.44108364,0.6327998911697883,0.6327998911697883,0.3672001088302117,MIA,0.6327998911697883,Medium (60-70%),,
2025_11_WAS_MIA,2025,11,2025-11-16,Sunday,MIA,WAS,,,0.59510136,0.6073773010964839,0.5713958219310713,0.578166396013051,0.9999962,0.44354603,0.6339958013763314,0.6339958013763314,0.3660041986236686,MIA,0.6339958013763314,Medium (60-70%),,
2025_13_NO_MIA,2025,13,2025-11-30,Sunday,MIA,NO,,,0.59510136,0.6048198347862026,0.5713958219310713,0.6094212416966313,0.9999939,0.44189668,0.6380113853598104,0.6380113853598104,0.3619886146401896,MIA,0.6380113853598104,Medium (60-70%),,
2025_16_CIN_MIA,2025,16,2025-12-21,Sunday,MIA,CIN,,,0.59510136,0.6048198347862026,0.5713958219310713,0.5741307672619415,0.99999356,0.4594241,0.6357850394124263,0.6357850394124263,0.36421496058757374,MIA,0.6357850394124263,Medium (60-70%),,
2025_02_ATL_MIN,2025,2,2025-09-14,Sunday,MIN,ATL,,,0.59510136,0.6048198347862026,0.5713958219310713,0.5803499634573872,0.99998856,0.45714173,0.636317643849754,0.636317643849754,0.363682356150246,MIN,0.636317643849754,Medium (60-70%),,
2025_03_CIN_MIN,2025,3,2025-09-21,Sunday,MIN,CIN,,,0.59510136,0.6186212765957845,0.5713958219310713,0.5766387951843253,0.99997985,0.48005527,0.6418395152849903,0.6418395152849903,0.3581604847150097,MIN,0.6418395152849903,Medium (60-70%),,
2025_07_PHI_MIN,2025,7,2025-10-19,Sunday,MIN,PHI,,,0.59510136,0.6048198347862026,0.5713958219310713,0.5689120713365946,0.99999535,0.48401448,0.6393058691903417,0.6393058691903417,0.3606941308096583,MIN,0.6393058691903417,Medium (60-70%),,
2025_10_BAL_MIN,2025,10,2025-11-09,Sunday,MIN,BAL,,,0.59510136,0.6048198347862026,0.5713958219310713,0.5743393555166975,0.9999826,0.44260535,0.6328711429429981,0.6328711429429981,0.36712885705700193,MIN,0.6328711429429981,Medium (60-70%),,
2025_11_CHI_MIN,2025,11,2025-11-16,Sunday,MIN,CHI,,,0.59510136,0.6056165267239216,0.5710453569835885,0.565351214520081,0.99997795,0.43556562,0.6303395595290998,0.6303395595290998,0.3696604404709002,MIN,0.6303395595290998,Medium (60-70%),,
2025_14_WAS_MIN,2025,14,2025-12-07,Sunday,MIN,WAS,,,0.59510136,0.6048198347862026,0.5713958219310713,0.5770413698329309,0.99998796,0.43208748,0.6314367551800212,0.6314367551800212,0.3685632448199788,MIN,0.6314367551800212,Medium (60-70%),,
2025_01_LV_NE,2025,1,2025-09-07,Sunday,NE,LV,,,0.59510136,0.6048198347862026,0.5713958219310713,0.5926446753937971,0.9999863,0.4220185,0.6320148832291741,0.6320148832291741,0.3679851167708259,NE,0.6320148832291741,Medium (60-70%),,
2025_03_PIT_NE,2025,3,2025-09-21,Sunday,NE,PIT,,,0.59510136,0.6048198347862026,0.5713958219310713,0.5813260101634342,0.99999225,0.43208748,0.6320801962876563,0.6320801962876563,0.3679198037123437,NE,0.6320801962876563,Medium (60-70%),,
2025_04_CAR_NE,2025,4,2025-09-28,Sunday,NE,CAR,,,0.59510136,0.6048198347862026,0.5713958219310713,0.5815149922239341,0.9999896,0.43208748,0.6321080816607343,0.6321080816607343,0.3678919183392657,NE,0.6321080816607343,Medium (60-70%),,
2025_08_CLE_NE,2025,8,2025-10-26,Sunday,NE,CLE,,,0.59510136,0.6048198347862026,0.5715819565553072,0.5877275123086462,0.9999944,0.45329222,0.6367888497848384,0.6367888497848384,0.3632111502151616,NE,0.6367888497848384,Medium (60-70%),,
2025_09_ATL_NE,2025,9,2025-11-02,Sunday,NE,ATL,,,0.59743834,0.6013611998091942,0.5715819565553072,0.5925173991139174,0.9999958,0.48424247,0.642755637118385,0.642755637118385,0.357244362881615,NE,0.642755637118385,Medium (60-70%),,
2025_11_NYJ_NE,2025,11,2025-11-13,Thursday,NE,NYJ,,,0.59743834,0.5951012418898924,0.5715819565553072,0.5668250915321273,0.9999918,0.48831016,0.6386739254088752,0.6386739254088752,0.36132607459112476,NE,0.6386739254088752,Medium (60-70%),,
2025_13_NYG_NE,2025,13,2025-12-01,Monday,NE,NYG,,,0.5953512,0.5883277319298862,0.5718836908699655,0.5679939840062832,0.99999404,0.48978484,0.6378389817943151,0.6378389817943151,0.3621610182056849,NE,0.6378389817943151,Medium (60-70%),,
2025_15_BUF_NE,2025,15,2025-12-14,Sunday,NE,BUF,,,0.5976877,0.5883277319298862,0.5718836908699655,0.5699889329797796,0.99999154,0.5091289,0.6418734833156401,0.6418734833156401,0.3581265166843599,NE,0.6418734833156401,Medium (60-70%),,
2025_01_ARI_NO,2025,1,2025-09-07,Sunday,NO,ARI,,,0.59456325,0.6048198347862026,0.5713958219310713,0.5672060648130101,0.99996805,0.43208748,0.6298772604157072,0.6298772604157072,0.37012273958429276,NO,0.6298772604157072,Medium (60-70%),,
2025_02_SF_NO,2025,2,2025-09-14,Sunday,NO,SF,,,0.59456325,0.6048198347862026,0.5713958219310713,0.5775807910060677,0.99998593,0.43208748,0.6314365985885166,0.6314365985885166,0.36856340141148336,NO,0.6314365985885166,Medium (60-70%),,
2025_05_NYG_NO,2025,5,2025-10-05,Sunday,NO,NYG,,,0.5923093,0.6048198347862026,0.5713958219310713,0.5765637810182834,0.9999808,0.4220185,0.629182990812597,0.629182990812597,0.370817009187403,NO,0.629182990812597,Medium (60-70%),,
2025_06_NE_NO,2025,6,2025-10-12,Sunday,NO,NE,,,0.5923093,0.6048198347862026,0.5713958219310713,0.5785999290573115,0.9999759,0.4220185,0.629487548751102,0.629487548751102,0.370512451248898,NO,0.629487548751102,Medium (60-70%),,
2025_08_TB_NO,2025,8,2025-10-26,Sunday,NO,TB,,,0.5923093,0.6056165267239216,0.5710453569835885,0.5758267477634272,0.9999877,0.4220185,0.6291230536195866,0.6291230536195866,0.37087694638041335,NO,0.6291230536195866,Medium (60-70%),,
2025_12_ATL_NO,2025,12,2025-11-23,Sunday,NO,ATL,,,0.5923093,0.6048198347862026,0.5713958219310713,0.5746714150410208,0.9999833,0.4220185,0.6288995680496823,0.6288995680496823,0.3711004319503177,NO,0.6288995680496823,Medium (60-70%),,
2025_15_CAR_NO,2025,15,2025-12-14,Sunday,NO,CAR,,,0.5923093,0.6048198347862026,0.5713958219310713,0.5833345468164529,0.9999863,0.4220185,0.6301995593566388,0.6301995593566388,0.36980044064336115,NO,0.6301995593566388,Medium (60-70%),,
2025_16_NYJ_NO,2025,16,2025-12-21,Sunday,NO,NYJ,,,0.59456325,0.6073773010964839,0.5713958219310713,0.5861020475688767,0.9999927,0.4220185,0.6313375293506225,0.6313375293506225,0.3686624706493775,NO,0.6313375293506225,Medium (60-70%),,
2025_03_KC_NYG,2025,3,2025-09-21,Sunday,NYG,KC,,,0.59456325,0.6073773010964839,0.5713958219310713,0.5935628907257562,0.99999166,0.44189668,0.6359351381897627,0.6359351381897627,0.36406486181023734,NYG,0.6359351381897627,Medium (60-70%),,
2025_04_LAC_NYG,2025,4,2025-09-28,Sunday,NYG,LAC,,,0.59456325,0.6048198347862026,0.5713958219310713,0.5838552903813248,0.9999795,0.44189668,0.634093247325505,0.634093247325505,0.365906752674495,NYG,0.634093247325505,Medium (60-70%),,
2025_06_PHI_NYG,2025,6,2025-10-09,Thursday,NYG,PHI,,,0.59456325,0.6056165267239216,0.5710453569835885,0.5774653902173662,0.9999832,0.44380745,0.6335192182609357,0.6335192182609357,0.3664807817390643,NYG,0.6335192182609357,Medium (60-70%),,
2025_09_SF_NYG,2025,9,2025-11-02,Sunday,NYG,SF,,,0.59743834,0.6048198347862026,0.5713958219310713,0.5800753143975568,0.9999926,0.4704065,0.6389490293555407,0.6389490293555407,0.36105097064445935,NYG,0.6389490293555407,Medium (60-70%),,
2025_11_GB_NYG,2025,11,2025-11-16,Sunday,NYG,GB,,,0.59510136,0.6048198347862026,0.5713958219310713,0.586909471065522,0.9999894,0.45728803,0.6373273042963559,0.6373273042963559,0.36267269570364413,NYG,0.6373273042963559,Medium (60-70%),,
2025_15_WAS_NYG,2025,15,2025-12-14,Sunday,NYG,WAS,,,0.59510136,0.6048198347862026,0.5713958219310713,0.6007164220060407,0.99999356,0.44239688,0.6367931247718491,0.6367931247718491,0.36320687522815087,NYG,0.6367931247718491,Medium (60-70%),,
2025_16_MIN_NYG,2025,16,2025-12-21,Sunday,NYG,MIN,,,0.59510136,0.6048198347862026,0.5713958219310713,0.5864986411451079,0.9999881,0.44189668,0.6345719670969596,0.6345719670969596,0.3654280329030404,NYG,0.6345719670969596,Medium (60-70%),,
2025_01_PIT_NYJ,2025,1,2025-09-07,Sunday,NYJ,PIT,,,0.59510136,0.6048198347862026,0.5713958219310713,0.598861887342164,0.99999166,0.44189668,0.6364270798752881,0.6364270798752881,0.3635729201247119,NYJ,0.6364270798752881,Medium (60-70%),,
2025_02_BUF_NYJ,2025,2,2025-09-14,Sunday,NYJ,BUF,,,0.59510136,0.6056165267239216,0.5710453569835885,0.5637655748447734,0.99998045,0.50960416,0.6430588841834632,0.6430588841834632,0.35694111581653676,NYJ,0.6430588841834632,Medium (60-70%),,
2025_05_DAL_NYJ,2025,5,2025-10-05,Sunday,NYJ,DAL,,,0.59510136,0.6048198347862026,0.5713958219310713,0.5727526718769808,0.99998415,0.4595913,0.6356059444069548,0.6356059444069548,0.36439405559304516,NYJ,0.6356059444069548,Medium (60-70%),,
2025_06_DEN_NYJ,2025,6,2025-10-12,Sunday,NYJ,DEN,,,0.59510136,0.6056165267239216,0.5710453569835885,0.5741400379417986,0.9999862,0.48923147,0.6410508523526411,0.6410508523526411,0.35894914764735886,NYJ,0.6410508523526411,Medium (60-70%),,
2025_07_CAR_NYJ,2025,7,2025-10-19,Sunday,NYJ,CAR,,,0.59510136,0.6048198347862026,0.5713958219310713,0.5776089105314699,0.9999888,0.45432478,0.6354135480479932,0.6354135480479932,0.3645864519520068,NYJ,0.6354135480479932,Medium (60-70%),,
2025_10_CLE_NYJ,2025,10,2025-11-09,Sunday,NYJ,CLE,,,0.59510136,0.6048198347862026,0.5713958219310713,0.6061124158137844,0.99999213,0.45329222,0.639508970955571,0.639508970955571,0.360491029044429,NYJ,0.639508970955571,Medium (60-70%),,
2025_13_ATL_NYJ,2025,13,2025-11-30,Sunday,NYJ,ATL,,,0.59510136,0.6048198347862026,0.5713958219310713,0.5795237090804195,0.99998605,0.43208748,0.631808763340437,0.631808763340437,0.368191236659563,NYJ,0.631808763340437,Medium (60-70%),,
2025_14_MIA_NYJ,2025,14,2025-12-07,Sunday,NYJ,MIA,,,0.59510136,0.6048198347862026,0.5713958219310713,0.5853047071875865,0.99998355,0.43208748,0.6326754809228374,0.6326754809228374,0.36732451907716257,NYJ,0.6326754809228374,Medium (60-70%),,
2025_01_DAL_PHI,2025,1,2025-09-04,Thursday,PHI,DAL,,,0.5976877,0.6048198347862026,0.5716975891074125,0.5779936547481581,0.9999964,0.4920613,0.6425248025698433,0.6425248025698433,0.35747519743015665,PHI,0.6425248025698433,Medium (60-70%),,
2025_03_LA_PHI,2025,3,2025-09-21,Sunday,PHI,LA,,,0.5953512,0.6048198347862026,0.5718836908699655,0.5771448213987675,0.99999154,0.46104884,0.6366561915217444,0.6366561915217444,0.36334380847825565,PHI,0.6366561915217444,Medium (60-70%),,
2025_05_DEN_PHI,2025,5,2025-10-05,Sunday,PHI,DEN,,,0.5976877,0.6021602779236471,0.571533325709743,0.5693725974116329,0.9999896,0.5765122,0.6555775777349653,0.6555775777349653,0.3444224222650347,PHI,0.6555775777349653,Medium (60-70%),,
2025_08_NYG_PHI,2025,8,2025-10-26,Sunday,PHI,NYG,,,0.59743834,0.6048198347862026,0.5713958219310713,0.587984207923622,0.9999877,0.4749598,0.6409313387119422,0.6409313387119422,0.3590686612880578,PHI,0.6409313387119422,Medium (60-70%),,
2025_11_DET_PHI,2025,11,2025-11-16,Sunday,PHI,DET,,,0.59510136,0.6048198347862026,0.5715819565553072,0.571374302148259,0.9999901,0.4798759,0.6389872657274399,0.6389872657274399,0.3610127342725601,PHI,0.6389872657274399,Medium (60-70%),,
2025_13_CHI_PHI,2025,13,2025-11-28,Friday,PHI,CHI,,,0.59510136,0.6048198347862026,0.5713958219310713,0.5713947448280046,0.9999902,0.45774454,0.6350801294975005,0.6350801294975005,0.3649198705024995,PHI,0.6350801294975005,Medium (60-70%),,
2025_15_LV_PHI,2025,15,2025-12-14,Sunday,PHI,LV,,,0.59456325,0.6048198347862026,0.5713958219310713,0.6000096181924424,0.99999356,0.44189668,0.6365188551887697,0.6365188551887697,0.3634811448112303,PHI,0.6365188551887697,Medium (60-70%),,
2025_02_SEA_PIT,2025,2,2025-09-14,Sunday,PIT,SEA,,,0.59456325,0.6048198347862026,0.5713958219310713,0.5957613910057231,0.9999889,0.44189668,0.6358808164480574,0.6358808164480574,0.3641191835519426,PIT,0.6358808164480574,Medium (60-70%),,
2025_04_MIN_PIT,2025,4,2025-09-28,Sunday,PIT,MIN,,,0.59456325,0.6048198347862026,0.5713958219310713,0.5818457574811309,0.999985,0.44279036,0.6339491811032636,0.6339491811032636,0.3660508188967364,PIT,0.6339491811032636,Medium (60-70%),,
2025_06_CLE_PIT,2025,6,2025-10-12,Sunday,PIT,CLE,,,0.59510136,0.6048198347862026,0.5713958219310713,0.6079803636550938,0.9999937,0.44189668,0.6377952089500962,0.6377952089500962,0.3622047910499038,PIT,0.6377952089500962,Medium (60-70%),,
2025_08_GB_PIT,2025,8,2025-10-26,Sunday,PIT,GB,,,0.59510136,0.6056165267239216,0.5710453569835885,0.5632922619210408,0.9999887,0.44602078,0.631862248163902,0.631862248163902,0.368137751836098,PIT,0.631862248163902,Medium (60-70%),,
2025_09_IND_PIT,2025,9,2025-11-02,Sunday,PIT,IND,,,0.59510136,0.6056165267239216,0.5710453569835885,0.5597765323799776,0.99998045,0.4778351,0.6369009418252223,0.6369009418252223,0.3630990581747777,PIT,0.6369009418252223,Medium (60-70%),,
2025_11_CIN_PIT,2025,11,2025-11-16,Sunday,PIT,CIN,,,0.59510136,0.6048198347862026,0.5713958219310713,0.5812483422331374,0.9999814,0.44206566,0.63381283132398,0.63381283132398,0.36618716867601997,PIT,0.63381283132398,Medium (60-70%),,
2025_13_BUF_PIT,2025,13,2025-11-30,Sunday,PIT,BUF,,,0.59510136,0.6048198347862026,0.5713958219310713,0.5751127081904899,0.99999213,0.45461345,0.6350902286797411,0.6350902286797411,0.3649097713202589,PIT,0.6350902286797411,Medium (60-70%),,
2025_15_MIA_PIT,2025,15,2025-12-15,Monday,PIT,MIA,,,0.59510136,0.6048198347862026,0.5713958219310713,0.5754000838406611,0.99998415,0.44553506,0.6335432172151101,0.6335432172151101,0.3664567827848899,PIT,0.6335432172151101,Medium (60-70%),,
2025_01_SF_SEA,2025,1,2025-09-07,Sunday,SEA,SF,,,0.59510136,0.6048198347862026,0.5713958219310713,0.5836020475688767,0.99999285,0.44189668,0.6341383125255518,0.6341383125255518,0.36586168747444825,SEA,0.6341383125255518,Medium (60-70%),,
2025_03_NO_SEA,2025,3,2025-09-21,Sunday,SEA,NO,,,0.59510136,0.6048198347862026,0.5713958219310713,0.594235142157906,0.9999951,0.45329222,0.637727901447831,0.637727901447831,0.362272098552169,SEA,0.637727901447831,Medium (60-70%),,
2025_05_TB_SEA,2025,5,2025-10-05,Sunday,SEA,TB,,,0.59743834,0.6056165267239216,0.5712315295988581,0.5746609809327342,0.99999475,0.514383,0.6459197881521399,0.6459197881521399,0.3540802118478601,SEA,0.6459197881521399,Medium (60-70%),,
2025_07_HOU_SEA,2025,7,2025-10-20,Monday,SEA,HOU,,,0.59743834,0.6048198347862026,0.5713958219310713,0.5735621151847261,0.9999902,0.47002885,0.6379055455912079,0.6379055455912079,0.36209445440879207,SEA,0.6379055455912079,Medium (60-70%),,
2025_10_ARI_SEA,2025,10,2025-11-09,Sunday,SEA,ARI,,,0.59864026,0.6048198347862026,0.5715819565553072,0.569660145186998,0.99999404,0.5248226,0.6471273413967555,0.6471273413967555,0.35287265860324446,SEA,0.6471273413967555,Medium (60-70%),,
2025_13_MIN_SEA,2025,13,2025-11-30,Sunday,SEA,MIN,,,0.5999998,0.6048198347862026,0.5716975891074125,0.5908109722237187,0.9999958,0.5579282,0.6563208167937891,0.6563208167937891,0.34367918320621094,SEA,0.6563208167937891,Medium (60-70%),,
2025_15_IND_SEA,2025,15,2025-12-14,Sunday,SEA,IND,,,0.5988894,0.6048198347862026,0.5718836908699655,0.5678367246070752,0.9999969,0.58463794,0.6574197396835211,0.6574197396835211,0.3425802603164789,SEA,0.6574197396835211,Medium (60-70%),,
2025_16_LA_SEA,2025,16,2025-12-18,Thursday,SEA,LA,,,0.59864026,0.6056165267239216,0.5712315295988581,0.5573815696254237,0.9999919,0.58284277,0.6554881255104753,0.6554881255104753,0.3445118744895247,SEA,0.6554881255104753,Medium (60-70%),,
2025_03_ARI_SF,2025,3,2025-09-21,Sunday,SF,ARI,,,0.59456325,0.6048198347862026,0.5713958219310713,0.5744152025327158,0.99997723,0.44189668,0.6326768467180226,0.6326768467180226,0.3673231532819774,SF,0.6326768467180226,Medium (60-70%),,
2025_04_JAX_SF,2025,4,2025-09-28,Sunday,SF,JAX,,,0.59456325,0.6048198347862026,0.5715819565553072,0.5821127180568968,0.99999034,0.44189668,0.6338709957503208,0.6338709957503208,0.3661290042496792,SF,0.6338709957503208,Medium (60-70%),,
2025_07_ATL_SF,2025,7,2025-10-19,Sunday,SF,ATL,,,0.59510136,0.6048198347862026,0.5713958219310713,0.5792545223212486,0.99998903,0.43238884,0.6318216420766682,0.6318216420766682,0.36817835792333176,SF,0.6318216420766682,Medium (60-70%),,
2025_10_LA_SF,2025,10,2025-11-09,Sunday,SF,LA,,,0.59510136,0.6048198347862026,0.5713958219310713,0.5704581851291622,0.9999882,0.43208748,0.6304493072767783,0.6304493072767783,0.3695506927232217,SF,0.6304493072767783,Medium (60-70%),,
2025_12_CAR_SF,2025,12,2025-11-24,Monday,SF,CAR,,,0.59510136,0.6048198347862026,0.5713958219310713,0.5871985605947931,0.9999933,0.44189668,0.6346778788864064,0.6346778788864064,0.36532212111359363,SF,0.6346778788864064,Medium (60-70%),,
2025_15_TEN_SF,2025,15,2025-12-14,Sunday,SF,TEN,,,0.59510136,0.6048198347862026,0.5715819565553072,0.5733335677950246,0.99999654,0.44189668,0.6326359082342524,0.6326359082342524,0.3673640917657476,SF,0.6326359082342524,Medium (60-70%),,
2025_03_NYJ_TB,2025,3,2025-09-21,Sunday,TB,NYJ,,,0.5953512,0.6048198347862026,0.5718836908699655,0.5746304344301075,0.99999297,0.4721347,0.6382192987743351,0.6382192987743351,0.36178070122566486,TB,0.6382192987743351,Medium (60-70%),,
2025_04_PHI_TB,2025,4,2025-09-28,Sunday,TB,PHI,,,0.5953512,0.6021602779236471,0.571533325709743,0.5748220585097308,0.99998665,0.50131077,0.6428837415161883,0.6428837415161883,0.3571162584838117,TB,0.6428837415161883,Medium (60-70%),,
2025_06_SF_TB,2025,6,2025-10-12,Sunday,TB,SF,,,0.5953512,0.6048198347862026,0.5716975891074125,0.5688620650044544,0.9999918,0.46406996,0.6359052881621475,0.6359052881621475,0.36409471183785247,TB,0.6359052881621475,Medium (60-70%),,
2025_10_NE_TB,2025,10,2025-11-09,Sunday,TB,NE,,,0.5953512,0.6048198347862026,0.5716975891074125,0.5671071378664169,0.9999887,0.4811886,0.6386372718983724,0.6386372718983724,0.3613627281016276,TB,0.6386372718983724,Medium (60-70%),,
2025_13_ARI_TB,2025,13,2025-11-30,Sunday,TB,ARI,,,0.59510136,0.6056165267239216,0.5710453569835885,0.5722850368852527,0.99998605,0.48153257,0.6394252615507534,0.6394252615507534,0.3605747384492466,TB,0.6394252615507534,Medium (60-70%),,
2025_14_NO_TB,2025,14,2025-12-07,Sunday,TB,NO,,,0.59510136,0.6048198347862026,0.5713958219310713,0.6082051048773169,0.99999,0.45329222,0.6398224868849098,0.6398224868849098,0.36017751311509016,TB,0.6398224868849098,Medium (60-70%),,
2025_15_ATL_TB,2025,15,2025-12-11,Thursday,TB,ATL,,,0.59510136,0.6048198347862026,0.5713958219310713,0.5846107617629036,0.99998987,0.45875165,0.6372387233676914,0.6372387233676914,0.3627612766323086,TB,0.6372387233676914,Medium (60-70%),,
2025_02_LA_TEN,2025,2,2025-09-14,Sunday,TEN,LA,,,0.59456325,0.6048198347862026,0.5713958219310713,0.5933912221784595,0.9999908,0.44189668,0.635525618949514,0.635525618949514,0.364474381050486,TEN,0.635525618949514,Medium (60-70%),,
2025_03_IND_TEN,2025,3,2025-09-21,Sunday,TEN,IND,,,0.59456325,0.6048198347862026,0.5713958219310713,0.5719049650813712,0.9999801,0.44189668,0.6323008028386403,0.6323008028386403,0.3676991971613597,TEN,0.6323008028386403,Medium (60-70%),,
2025_07_NE_TEN,2025,7,2025-10-19,Sunday,TEN,NE,,,0.59456325,0.6048198347862026,0.5713958219310713,0.5691196489964809,0.99997413,0.43208748,0.6301653560256726,0.6301653560256726,0.3698346439743274,TEN,0.6301653560256726,Medium (60-70%),,
2025_09_LAC_TEN,2025,9,2025-11-02,Sunday,TEN,LAC,,,0.5923093,0.6048198347862026,0.5713958219310713,0.5619273068833087,0.9999651,0.4220185,0.6269847629775299,0.6269847629775299,0.3730152370224701,TEN,0.6269847629775299,Medium (60-70%),,
2025_11_HOU_TEN,2025,11,2025-11-16,Sunday,TEN,HOU,,,0.59456325,0.6048198347862026,0.5713958219310713,0.5803535551496322,0.9999758,0.4220185,0.630088670210116,0.630088670210116,0.36991132978988395,TEN,0.630088670210116,Medium (60-70%),,
2025_12_SEA_TEN,2025,12,2025-11-23,Sunday,TEN,SEA,,,0.59456325,0.6048198347862026,0.5713958219310713,0.5741638184818588,0.999974,0.4220185,0.6291598967855649,0.6291598967855649,0.37084010321443506,TEN,0.6291598967855649,Medium (60-70%),,
2025_13_JAX_TEN,2025,13,2025-11-30,Sunday,TEN,JAX,,,0.59456325,0.6048198347862026,0.5713958219310713,0.573357127431395,0.9999838,0.4220185,0.6290406067615327,0.6290406067615327,0.37095939323846727,TEN,0.6290406067615327,Medium (60-70%),,
2025_16_KC_TEN,2025,16,2025-12-21,Sunday,TEN,KC,,,0.59510136,0.6048198347862026,0.5713958219310713,0.5934130868596913,0.9999883,0.43208748,0.63389257233868,0.63389257233868,0.36610742766132,TEN,0.63389257233868,Medium (60-70%),,
