feature,r_winpct,p_value,abs_r,significant,r_ptdiff,p_ptdiff,importance,norm_r,norm_importance,combined_score,rank
total_leagueWinPercent,0.9999999999999996,0.0,0.9999999999999996,True,0.9101824386822358,8.37817e-319,0.940632940787225,1.0,1.0,1.0,1
total_losses,-0.9969470147483926,0.0,0.9969470147483926,True,-0.9076864443799472,4.0919064233e-314,0.058918353260395157,0.996929425347494,0.06263692318821601,0.5297831742678549,2
total_differential,0.9101824386822358,8.37817e-319,0.9101824386822358,True,1.0,0.0,5.9254389855257284e-08,0.9096649657946866,6.299416837938311e-08,0.45483251439442746,3
home_wins,0.8579195318989572,2.113542194200561e-241,0.8579195318989572,True,0.785528419944896,1.494582889015999e-174,2.2093837562101174e-06,0.8571009526699743,2.3488266893576465e-06,0.42855165074833185,4
road_winPercent,0.8573951028571357,8.633835254683188e-241,0.8573951028571357,True,0.776064999973718,9.538654836650605e-168,2.0982262002408428e-18,0.8565735021944086,2.111023797054857e-18,0.4282867510972043,5
home_winPercent,0.8559734559856127,3.8090617610618547e-239,0.8559734559856127,True,0.78377254567292,2.904297722616799e-173,1.3306106024860566e-07,0.8551436646784182,1.41459069184982e-07,0.4275719030687437,6
road_wins,0.8538323566770027,1.0583103700355053e-236,0.8538323566770027,True,0.7732668484395431,8.470831587667085e-166,9.63032976698364e-07,0.8529902296881721,1.023813790629403e-06,0.42649562675098135,7
road_losses,-0.8467610198481378,6.700371080711339e-229,0.8467610198481378,True,-0.7667518662999712,2.280051603710317e-161,1.6662592221791844e-06,0.8458781522175663,1.771423421323692e-06,0.4229399618204938,8
home_losses,-0.8417771149213098,1.2331854354480065e-223,0.8417771149213098,True,-0.7706167383535665,5.5929459142568175e-164,3.606985046417917e-07,0.8408655331324388,3.8346361157605963e-07,0.4204329582980252,9
receiving_totalPoints,0.7524502669663892,3.918353738456263e-152,0.7524502669663892,True,0.8246407706877608,7.72462226852533e-207,7.33221714546074e-07,0.7510240394749544,7.79498232256592e-07,0.37551240948659337,10
rushing_totalPoints,0.7524502669663892,3.918353738456263e-152,0.7524502669663892,True,0.8246407706877608,7.72462226852533e-207,6.375371560211517e-07,0.7510240394749544,6.777746434092326e-07,0.3755123586247989,11
total_pointsFor,0.7524502669663892,3.918353738456263e-152,0.7524502669663892,True,0.8246407706877608,7.72462226852533e-207,2.8654471294976064e-07,0.7510240394749544,3.046296812759247e-07,0.37551217205231785,12
passing_totalPoints,0.7524502669663892,3.918353738456263e-152,0.7524502669663892,True,0.8246407706877608,7.72462226852533e-207,2.2579491313501172e-07,0.7510240394749544,2.400457217093941e-07,0.3755121397603381,13
receiving_totalPointsPerGame,0.7399287129955612,1.492454605681868e-144,0.7399287129955612,True,0.818756988858073,1.727852382204155e-201,1.6087863475332943e-05,0.7384303441033265,1.7103232066132765e-05,0.36922372366769635,14
passing_totalPointsPerGame,0.7399287129955612,1.492454605681868e-144,0.7399287129955612,True,0.818756988858073,1.727852382204155e-201,2.733862094807859e-06,0.7384303441033265,2.9064069269355485e-06,0.3692166252551267,15
total_avgPointsFor,0.7399287129955612,1.492454605681868e-144,0.7399287129955612,True,0.818756988858073,1.727852382204155e-201,3.5099439869752243e-07,0.7384303441033265,3.7314704118660696e-07,0.36921535862518384,16
rushing_totalPointsPerGame,0.7399287129955612,1.492454605681868e-144,0.7399287129955612,True,0.818756988858073,1.727852382204155e-201,1.5919499890118322e-07,0.7384303441033265,1.692424239021853e-07,0.3692152566728752,17
total_avgPointsAgainst,-0.6607230475787808,3.976378638511101e-105,0.6607230475787808,True,-0.7159255214550923,3.5238376956185594e-131,2.154555174688936e-06,0.6587683449385332,2.2905376595525715e-06,0.3293853177380964,18
total_pointsAgainst,-0.6144055804674834,3.404340753482498e-87,0.6144055804674834,True,-0.6777160154846102,1.5459144016381991e-112,1.6730650681295378e-06,0.6121840254088622,1.778658811086523e-06,0.30609290203383666,19
miscellaneous_turnOverDifferential,0.6125875660925666,1.4985542250086093e-86,0.6125875660925666,True,0.6326945271799885,6.547894817240356e-94,2.005446637003937e-06,0.6103555367666151,2.1320182932626686e-06,0.3051788343924542,20
kicking_extraPointsMade,0.5504526067967856,7.557699390054918e-67,0.5504526067967856,True,0.5878858830351155,3.3211221235591084e-78,3.9738465728667145e-06,0.5478625945070036,4.2246517217873e-06,0.2739334095793627,21
scoring_kickExtraPointsMade,0.5504526067967856,7.557699390054918e-67,0.5504526067967856,True,0.5878858830351155,3.3211221235591084e-78,3.857309335270079e-06,0.5478625945070036,4.100759358950098e-06,0.2739333476331813,22
scoring_kickExtraPoints,0.5463759749668492,1.0713935341025282e-65,0.5463759749668492,True,0.5828684335950914,1.3483863717290834e-76,3.1774853838430287e-06,0.5437624756616821,3.3780290334970058e-06,0.2718829268453578,23
kicking_extraPointAttempts,0.5463759749668492,1.0713935341025282e-65,0.5463759749668492,True,0.5828684335950914,1.3483863717290834e-76,1.837596998297403e-06,0.5437624756616821,1.953575001061931e-06,0.2718822146183416,24
scoring_totalPoints,0.4936286764060237,3.9386874935985294e-52,0.4936286764060237,True,0.5221500408477983,3.6065554203896977e-59,2.045867570113475e-18,0.49071127999547703,2.0553606070292683e-18,0.24535563999773852,25
scoring_totalTouchdowns,0.48926338274552356,4.121373822697357e-51,0.48926338274552356,True,0.522114645422528,3.683386670080731e-59,2.016674433872273e-06,0.4863208362297819,2.1439547207270725e-06,0.2431614900922513,26
passing_passingTouchdownPct,0.48218992537162586,1.7233375870892038e-49,0.48218992537162586,True,0.5101908776769146,3.8870885949157614e-56,2.8362783055261983e-07,0.4792066259968828,3.015287029126753e-07,0.23960346376279285,27
scoring_totalPointsPerGame,0.47657933963953786,3.130896354725689e-48,0.47657933963953786,True,0.5074630542803856,1.83909481014791e-55,4.133314339632782e-06,0.4735637155617297,4.394184129011533e-06,0.23678405487292936,28
receiving_receivingTouchdowns,0.4423866542525483,4.832473689416725e-41,0.4423866542525483,True,0.47072471070962896,6.09601911687789e-47,9.832075756850064e-06,0.43917403320242554,1.0452616882225485e-05,0.21959224290965387,29
passing_passingTouchdowns,0.4423866542525483,4.832473689416725e-41,0.4423866542525483,True,0.47072471070962896,6.09601911687789e-47,5.950054427995533e-06,0.43917403320242554,6.325585858194336e-06,0.21959017939414185,30
scoring_passingTouchdowns,0.4423866542525483,4.832473689416725e-41,0.4423866542525483,True,0.47072471070962896,6.09601911687789e-47,5.89743086524971e-06,0.43917403320242554,6.269641014606589e-06,0.2195901514217201,31
scoring_receivingTouchdowns,0.4423866542525483,4.832473689416725e-41,0.4423866542525483,True,0.47072471070962896,6.09601911687789e-47,1.0656557633390226e-06,0.43917403320242554,1.1329135065661768e-06,0.21958758305796605,32
scoring_rushingTouchdowns,0.4252175817623476,9.923254094518882e-38,0.4252175817623476,True,0.4580230125791894,3.1467910834349024e-44,3.2640802993404746e-06,0.4219060432022445,3.4700892960527415e-06,0.2109547566457703,33
rushing_rushingTouchdowns,0.4252175817623476,9.923254094518882e-38,0.4252175817623476,True,0.4580230125791894,3.1467910834349024e-44,4.4763167432452355e-07,0.4219060432022445,4.758834768743944e-07,0.21095325954286068,34
kicking_totalKickingPoints,0.40251055056045415,1.241229957163867e-33,0.40251055056045415,True,0.4083971568168486,1.1527870191220472e-34,1.4360859544758667e-06,0.39906818821899553,1.5267230098000604e-06,0.19953485747100266,35
passing_netYardsPerPassAttempt,0.40022237656991005,3.0866488573854816e-33,0.40022237656991005,True,0.41019108158945883,5.534681607324113e-35,2.2355272665673143e-06,0.39676683119403444,2.3766202198875436e-06,0.19838460390712717,36
passing_QBRating,0.3814830416499109,4.1241742211861355e-30,0.3814830416499109,True,0.39171232302880876,8.59074740627979e-32,2.223608502147359e-05,0.3779195318892364,2.3639492151809908e-05,0.18897158569069408,37
passing_quarterbackRating,0.3814830416499109,4.1241742211861355e-30,0.3814830416499109,True,0.39171232302880876,8.59074740627979e-32,3.6909633231829886e-07,0.3779195318892364,3.9239145931811183e-07,0.18895996214034785,38
defensiveInterceptions_interceptions,0.37286484571604817,9.688160907346787e-29,0.37286484571604817,True,0.37435269122326936,5.655931606066925e-29,1.8010695139871179e-06,0.369251683274206,1.9147421229791e-06,0.18462679900816448,39
miscellaneous_totalTakeaways,0.36521663908173113,1.4746013233993679e-27,0.36521663908173113,True,0.3654273388425009,1.369382562453592e-27,7.280914697895152e-06,0.36155941243336215,7.740441974955258e-06,0.18078357643766854,40
passing_yardsPerPassAttempt,0.35512505214481904,4.79413356423658e-26,0.35512505214481904,True,0.3633397366903106,2.8445210447377725e-27,1.0928617438931036e-07,0.3514096840533338,1.161836563981431e-07,0.1757049001184951,41
defensive_sackYards,0.35474245715445585,5.457229366620177e-26,0.35474245715445585,True,0.35865208871381515,1.4401503208300862e-26,4.164229764594704e-06,0.35102488478875604,4.427050748519934e-06,0.1755146559197523,42
defensive_sacks,0.33782886621411057,1.4067353044395767e-23,0.33782886621411057,True,0.3367115592168429,2.0060328841242195e-23,2.1017705046841665e-05,0.33401384826411384,2.2344215405907034e-05,0.16701809623975988,43
passing_totalYards,0.32891474106232266,2.292944676495865e-22,0.32891474106232266,True,0.3399816670611869,7.070711732124945e-24,1.8173544899158244e-06,0.3250483654711854,1.932054908043886e-06,0.16252514876304672,44
receiving_totalYardsFromScrimmage,0.32891474106232266,2.292944676495865e-22,0.32891474106232266,True,0.3399816670611869,7.070711732124945e-24,1.529626832970788e-06,0.3250483654711854,1.6261676225058795e-06,0.16252499581940394,45
receiving_netTotalYards,0.32891474106232266,2.292944676495865e-22,0.32891474106232266,True,0.3399816670611869,7.070711732124945e-24,1.0938950484537882e-06,0.3250483654711854,1.1629350844742734e-06,0.1625247642031349,46
rushing_netTotalYards,0.32891474106232266,2.292944676495865e-22,0.32891474106232266,True,0.3399816670611869,7.070711732124945e-24,3.19716879598612e-08,0.3250483654711854,3.398954743493381e-08,0.16252419973036641,47
passing_totalYardsFromScrimmage,0.32891474106232266,2.292944676495865e-22,0.32891474106232266,True,0.3399816670611869,7.070711732124945e-24,2.0694159934999874e-08,0.3250483654711854,2.200025008434023e-08,0.16252419373571772,48
receiving_totalYards,0.32891474106232266,2.292944676495865e-22,0.32891474106232266,True,0.3399816670611869,7.070711732124945e-24,1.4561113549583339e-08,0.3250483654711854,1.5480122923703342e-08,0.16252419047565414,49
rushing_totalYardsFromScrimmage,0.32891474106232266,2.292944676495865e-22,0.32891474106232266,True,0.3399816670611869,7.070711732124945e-24,1.0154633889585207e-17,0.3250483654711854,1.0675903188373937e-17,0.1625241827355927,50
passing_netTotalYards,0.32891474106232266,2.292944676495865e-22,0.32891474106232266,True,0.3399816670611869,7.070711732124945e-24,1.0816293110987947e-17,0.3250483654711854,1.1379322335962997e-17,0.1625241827355927,51
rushing_totalYards,0.32891474106232266,2.292944676495865e-22,0.32891474106232266,True,0.3399816670611869,7.070711732124945e-24,1.208331178958713e-17,0.3250483654711854,1.2726307566502343e-17,0.1625241827355927,52
rushing_rushingFirstDowns,0.3221617160971125,1.7880637447823185e-21,0.3221617160971125,True,0.33552329635566897,2.9211899814395507e-23,4.2286793027533604e-07,0.31825643377908164,4.495567951525503e-07,0.1591284416679384,53
miscellaneous_firstDownsRushing,0.3221617160971125,1.7880637447823185e-21,0.3221617160971125,True,0.33552329635566897,2.9211899814395507e-23,3.124435005120743e-07,0.31825643377908164,3.321630435890058e-07,0.1591283829710626,54
passing_avgGain,0.3197797586343991,3.644734515202076e-21,0.3197797586343991,True,0.3262528042206692,5.184279567599691e-22,2.9208196495566206e-06,0.31586075295995364,3.105164111212228e-06,0.15793192906203243,55
rushing_netYardsPerGame,0.3030302866843747,4.56220547773701e-19,0.3030302866843747,True,0.3169758220981694,8.359855700830876e-21,1.5069497257890326e-06,0.29901478097711,1.6020592735437683e-06,0.14950819151819175,56
receiving_yardsFromScrimmagePerGame,0.3030302866843747,4.56220547773701e-19,0.3030302866843747,True,0.3169758220981694,8.359855700830876e-21,7.317337409651151e-07,0.29901478097711,7.779163467873103e-07,0.14950777944672838,57
passing_yardsFromScrimmagePerGame,0.3030302866843747,4.56220547773701e-19,0.3030302866843747,True,0.3169758220981694,8.359855700830876e-21,5.33760388617886e-07,0.29901478097711,5.674481144271475e-07,0.1495076742126122,58
passing_netYardsPerGame,0.3030302866843747,4.56220547773701e-19,0.3030302866843747,True,0.3169758220981694,8.359855700830876e-21,4.795614833886131e-07,0.29901478097711,5.098285022711949e-07,0.14950764540280612,59
rushing_yardsFromScrimmagePerGame,0.3030302866843747,4.56220547773701e-19,0.3030302866843747,True,0.3169758220981694,8.359855700830876e-21,3.838627353685793e-07,0.29901478097711,4.0808982837365684e-07,0.14950759453346918,60
receiving_netYardsPerGame,0.3030302866843747,4.56220547773701e-19,0.3030302866843747,True,0.3169758220981694,8.359855700830876e-21,1.8026840380686446e-07,0.29901478097711,1.9164585460496795e-07,0.1495074863114823,61
passing_netPassingYards,0.302502137403293,5.286174901969839e-19,0.302502137403293,True,0.31321479505836997,2.510837031037116e-20,5.520202204174048e-08,0.2984835888285809,5.868603963138781e-08,0.14924182375731027,62
passing_passingYards,0.302502137403293,5.286174901969839e-19,0.302502137403293,True,0.31321479505836997,2.510837031037116e-20,5.059129717623985e-08,0.2984835888285809,5.378431371304832e-08,0.1492418213064473,63
miscellaneous_firstDowns,0.2981049087210226,1.7808523473174832e-18,0.2981049087210226,True,0.3054775641024759,2.296445471028149e-19,1.7053258857149135e-08,0.2940610260513957,1.8129557362476128e-08,0.14703052209047654,64
defensive_passesDefended,0.2959777919989443,3.1809151880841596e-18,0.2959777919989443,True,0.2756413939808946,6.3996952587263045e-16,1.3019777996022869e-05,0.29192165420664234,1.3841507597136005e-05,0.14596774785711975,65
defensiveInterceptions_interceptionYards,0.29218273702498576,8.847119083775171e-18,0.29218273702498576,True,0.30838145386328947,1.0084067234459111e-19,2.347544666654281e-06,0.2881047344878948,2.495707480422156e-06,0.1440536150976876,66
rushing_rushingYards,0.28959089987207454,1.763525556982333e-17,0.28959089987207454,True,0.29837457396428785,1.6540157006999962e-18,1.4104735471303293e-06,0.28549796478241923,1.499494102290079e-06,0.14274973213826075,67
miscellaneous_thirdDownConvPct,0.27997386868258023,2.1436013833761968e-16,0.27997386868258023,True,0.28028430498668644,1.9805391356176235e-16,2.901819132284662e-07,0.27582552624467066,3.0849643962659605e-07,0.13791291737055514,68
receiving_receivingBigPlays,0.27899923341295024,2.746244080488308e-16,0.27899923341295024,True,0.30134123082311637,7.299335263708241e-19,4.3830679485562226e-07,0.27484527573321177,4.659700674406389e-07,0.1374228708516396,69
passing_passingBigPlays,0.27899923341295024,2.746244080488308e-16,0.27899923341295024,True,0.30134123082311637,7.299335263708241e-19,2.383811015599099e-07,0.27484527573321177,2.5342627418543716e-07,0.13742276457974298,70
passing_passingYardsPerGame,0.2775447535373646,3.967453855085311e-16,0.2775447535373646,True,0.291276264505746,1.1270129947643997e-17,5.070366311672843e-07,0.27338241604982394,5.390377151185326e-07,0.13669147754376954,71
passing_netPassingYardsPerGame,0.2775447535373646,3.967453855085311e-16,0.2775447535373646,True,0.291276264505746,1.1270129947643997e-17,3.775708986060053e-07,0.27338241604982394,4.0140088894813737e-07,0.13669140872535646,72
passing_interceptions,-0.27443914636411787,8.639392321030523e-16,0.27443914636411787,True,-0.2954230618055021,3.697475868584601e-18,5.4008197167267026e-06,0.27025891630091653,5.741686775509467e-06,0.13513232899384603,73
miscellaneous_thirdDownConvs,0.27336515845012854,1.1281270425501745e-15,0.27336515845012854,True,0.2653814498933276,7.901196537912528e-15,1.3296651491996434e-06,0.2691787407369967,1.413585567274224e-06,0.134590077161282,74
miscellaneous_firstDownsPerGame,0.27150112297724965,1.7875295216872518e-15,0.27150112297724965,True,0.2819584435293211,1.290421249994422e-16,3.399663908242963e-07,0.2673039658518638,3.6142301218970974e-07,0.13365216363743798,75
rushing_rushingYardsPerGame,0.26721134343759434,5.086592875367921e-15,0.26721134343759434,True,0.2777709292838902,3.7473925628984535e-16,1.9520562495834683e-17,0.2629894712723792,2.0632952532628283e-17,0.1314947356361896,76
passing_sackYardsLost,-0.2661631029419291,6.548961349902091e-15,0.2661631029419291,True,-0.2786240967083921,3.020219067970709e-16,1.3201346697396641e-05,0.2619351914673831,1.4034535816221992e-05,0.13097461300159965,77
defensive_defensiveTouchdowns,0.2624179060699807,1.60078477485098e-14,0.2624179060699807,True,0.2739391821243545,9.78339047639796e-16,2.9061711718883797e-08,0.2581684171019988,3.089591110263397e-08,0.12908422399895494,78
kicking_fieldGoalsMade,0.2617514637428443,1.8739623854812724e-14,0.2617514637428443,True,0.2502010569663723,2.67981651870287e-13,1.5537320413372215e-06,0.2574981351489546,1.6517942057576416e-06,0.12874989347158017,79
scoring_fieldGoals,0.2617514637428443,1.8739623854812724e-14,0.2617514637428443,True,0.2502010569663723,2.67981651870287e-13,1.110169722962026e-06,0.2574981351489546,1.180236917955267e-06,0.12874965769293628,80
passing_yardsPerCompletion,0.2552616700727224,8.491926584456888e-14,0.2552616700727224,True,0.25685166673495347,5.887296035023549e-14,2.983759473164117e-06,0.2509709513268311,3.172076315620912e-06,0.12548706170157337,81
passing_sacks,-0.2551507708520535,8.710873879032867e-14,0.2551507708520535,True,-0.26578666065739753,7.169122625553973e-15,1.3123736419427285e-06,0.25085941317387433,1.395202724714571e-06,0.12543040418829954,82
receiving_receivingFirstDowns,0.2545406750470806,1.0018137780318891e-13,0.2545406750470806,True,0.2602433747217393,2.6723332498086465e-14,1.3089266326338027e-06,0.2502458023765854,1.3915381610367978e-06,0.1251235969573732,83
passing_passingFirstDowns,0.25350454721172533,1.2692561558333112e-13,0.25350454721172533,True,0.25942366234836395,3.237809521335597e-14,2.483920822065406e-07,0.2492037050175093,2.6406908735148726e-07,0.12460198454329832,84
miscellaneous_firstDownsPassing,0.25350454721172533,1.2692561558333112e-13,0.25350454721172533,True,0.25942366234836395,3.237809521335597e-14,4.573183417816266e-08,0.2492037050175093,4.86181508163819e-08,0.12460187681783005,85
passing_interceptionPct,-0.2521091824249524,1.74265047683403e-13,0.2521091824249524,True,-0.2774485745540635,4.0648405852177146e-16,1.8640623166135472e-06,0.2478003010072838,1.9817106501218024e-06,0.12390114135896697,86
rushing_rushingAttempts,0.24859204987614708,3.8414100424040195e-13,0.24859204987614708,True,0.2387015537018245,3.323662539758766e-12,1.3495754335420953e-06,0.24426290492972952,1.434752468282165e-06,0.1221321698410989,87
defensiveInterceptions_interceptionTouchdowns,0.24063766197739814,2.1949566228553903e-12,0.24063766197739814,True,0.24229237368284404,1.5352262408881396e-12,8.233892968112782e-06,0.2362626887985696,8.753566466874575e-06,0.11813572118251824,88
kicking_fieldGoalsMade30_39,0.2388971089934981,3.1877806674677664e-12,0.2388971089934981,True,0.2317550884210701,1.4295162472795266e-11,7.927725176352511e-07,0.23451210783166382,8.428075216796675e-07,0.11725647531959275,89
miscellaneous_totalGiveaways,-0.23838794893948356,3.55349223810336e-12,0.23838794893948356,True,-0.2578967868629268,4.621131495092686e-14,8.566116816810594e-06,0.23400001431430972,9.106758274530992e-06,0.11700456053629213,90
returning_fumbleRecoveries,0.2371366906078596,4.635596511013909e-12,0.2371366906078596,True,0.23534787491496711,6.761075478135291e-12,2.0861088091590405e-06,0.23274154701093863,2.2177713736168356e-06,0.11637188239115613,91
receiving_receivingYards,0.23697856815158197,4.793452663516205e-12,0.23697856815158197,True,0.24484785027137929,8.79286163112722e-13,2.9503698870636866e-06,0.23258251355148035,3.13657938089472e-06,0.11629282506543062,92
kicking_fieldGoalAttempts,0.23655023161655345,5.247962675292771e-12,0.23655023161655345,True,0.22621776389735174,4.424512109291557e-11,2.2143891768870833e-06,0.23215170920792563,2.3541480218986656e-06,0.11607703167797377,93
defensive_stuffYards,0.2359872736145569,5.909912847656628e-12,0.2359872736145569,True,0.24117773956576044,1.9537998844077327e-12,1.823320278933695e-05,0.23158550779229606,1.938397221564162e-05,0.11580244588225586,94
kicking_fieldGoalAttempts30_39,0.23361646747024828,9.713867525161843e-12,0.23361646747024828,True,0.22609841546548776,4.532123379633858e-11,6.708716814160905e-18,0.22920104253852916,7.012500679271524e-18,0.11460052126926458,95
kicking_fieldGoalsMade20_29,0.23182866294125712,1.4079393878328964e-11,0.23182866294125712,True,0.23663982224250385,5.14953815138807e-12,5.509759921248579e-07,0.2274029377925379,5.857502626514739e-07,0.11370176177140028,96
rushing_rushingBigPlays,0.23171911440429935,1.4401835193865108e-11,0.23171911440429935,True,0.2481710910356647,4.219128430203274e-13,2.5865681546191568e-06,0.22729275810509114,2.749816684555316e-06,0.11364775396088785,97
kicking_fieldGoalAttempts20_29,0.22797235731426746,3.102833880334308e-11,0.22797235731426746,True,0.23061097939039057,1.809722530768876e-11,2.422178544510512e-07,0.22352441453261773,2.5750517970189747e-07,0.11176233601889872,98
kicking_fieldGoalsMadeYards,0.22651519854223748,4.1670710041781345e-11,0.22651519854223748,True,0.21310296260081268,5.725539075652895e-10,5.7793830269585533e-08,0.22205886051865156,6.144142711088215e-08,0.11102946098003934,99
punting_puntsInside20Pct,0.21908034995675152,1.8185017045970514e-10,0.21908034995675152,True,0.20657134658823167,1.9302516629690142e-09,7.179970469347156e-07,0.21458117696292614,7.633126757539495e-07,0.10729097013780095,100
receiving_receivingYardsPerGame,0.20928780945914105,1.170003910849339e-09,0.20928780945914105,True,0.220305571587805,1.4315985222866166e-10,2.938274830190879e-06,0.20473221794166174,3.123720957222373e-06,0.10236767083130949,101
passing_completionPct,0.2037200685247199,3.2408395702947734e-09,0.2037200685247199,True,0.19815292315476363,8.724459789005463e-09,2.4635790170183497e-06,0.19913239914923386,2.6190652168277706e-06,0.09956750910722535,102
kicking_fieldGoalAttemptYards,0.1982231093049876,8.617728884993431e-09,0.1982231093049876,True,0.18755995261702288,5.3131838202503135e-08,6.159200904008567e-07,0.19360376987168162,6.547932394173593e-07,0.09680221233246052,103
punting_puntReturnYards,-0.18736489562509692,5.487711245697965e-08,0.18736489562509692,True,-0.21687336367831864,2.788126790525148e-10,1.1890363164886505e-06,0.18268299792251566,1.2640810936234296e-06,0.09134213100180465,104
returning_puntReturnYards,0.18651879736895968,6.311109077854423e-08,0.18651879736895968,True,0.17743683929396367,2.718709053879213e-07,1.1012385720951075e-06,0.18183202497482223,1.1707420868902992e-06,0.09091659785845456,105
defensive_longInterception,0.1799558842287313,1.8265354106127361e-07,0.1799558842287313,True,0.18655575914023118,6.272767493535119e-08,5.1348862264258905e-09,0.17523130041371374,5.458969172412701e-09,0.08761565293634145,106
receiving_yardsPerReception,0.16625874292969886,1.4846083323110856e-06,0.16625874292969886,True,0.1637068392006076,2.1541622920486723e-06,4.167764935122967e-05,0.16145524471135975,4.43080903761983e-05,0.08074977640086797,107
receiving_receivingYardsAtCatch,0.16580669505552817,1.586458695773385e-06,0.16580669505552817,True,0.16652408869720312,1.4277785124524159e-06,1.641030776220686e-07,0.1610005924186842,1.7446027085189745e-07,0.08050038343947752,108
kicking_fieldGoalsMade40_49,0.16120636221153795,3.085383761895831e-06,0.16120636221153795,True,0.1399968481442373,5.239191629597784e-05,4.76905811838204e-18,0.15637375532000766,4.950422463984331e-18,0.07818687766000383,109
receiving_receptions,0.15828132231248795,4.665054542139942e-06,0.15828132231248795,True,0.15669783738928486,5.8172952520198345e-06,3.3933944395207586e-06,0.15343186316154925,3.6075649622483777e-06,0.07671773536325575,110
passing_completions,0.15828132231248795,4.665054542139942e-06,0.15828132231248795,True,0.15669783738928486,5.8172952520198345e-06,2.566531025592577e-06,0.15343186316154925,2.7285149331943543e-06,0.07671729583824122,111
kicking_fieldGoalAttempts40_49,0.15256938857072674,1.02392226117264e-05,0.15256938857072674,True,0.1299296992933639,0.00017595505265894686,2.338748893922796e-06,0.1476870208125683,2.486356571741323e-06,0.07384475358457002,112
rushing_yardsPerRushAttempt,0.15120769117680266,1.2298962408972489e-05,0.15120769117680266,True,0.15804259563342582,4.823576774242797e-06,5.429789371360726e-06,0.1463174781657553,5.772484819441225e-06,0.07316162532528737,113
passing_passingFumbles,-0.14687548131448436,2.1805241623833103e-05,0.14687548131448436,True,-0.15922059025143018,4.0883754410874475e-06,4.307477949604167e-06,0.14196030880649638,4.579339892135909e-06,0.07098244407319426,114
total_OTLosses,-0.14321857587660378,3.492302216316489e-05,0.14321857587660378,True,-0.04634786769145661,0.18247687075239247,1.9033403574052097e-07,0.13828233455547198,2.0234676831657204e-07,0.06914126845112015,115
returning_puntReturnFairCatches,0.14320149051193465,3.499902864718406e-05,0.14320149051193465,True,0.13615102829604728,8.405992031731745e-05,6.272191052444945e-06,0.13826515075556525,6.668053797048159e-06,0.06913590940468115,116
general_defensiveFumblesTouchdowns,0.14214337629238602,4.0024084663062946e-05,0.14214337629238602,True,0.16275957629848425,2.4698153589042984e-06,1.1252767794531844e-19,0.137200940340434,0.0,0.068600470170217,117
passing_passingFumblesLost,-0.1417864318993427,4.186820484248321e-05,0.1417864318993427,True,-0.15540043082035074,6.959361569827735e-06,9.133663295641576e-06,0.13684193945595344,9.710124852737361e-06,0.06842582479040309,118
receiving_totalOffensivePlays,0.14109782625906991,4.565549282061836e-05,0.14109782625906991,True,0.1316943316506247,0.00014316071215232401,1.7948128678306271e-06,0.13614936649855663,1.9080905951777726e-06,0.0680756372945759,119
rushing_totalOffensivePlays,0.14109782625906991,4.565549282061836e-05,0.14109782625906991,True,0.1316943316506247,0.00014316071215232401,1.2098952190428264e-07,0.13614936649855663,1.2862564838832117e-07,0.06807474756210251,120
passing_totalOffensivePlays,0.14109782625906991,4.565549282061836e-05,0.14109782625906991,True,0.1316943316506247,0.00014316071215232401,9.453818149947365e-08,0.13614936649855663,1.005048594409645e-07,0.06807473350170803,121
miscellaneous_firstDownsPenalty,0.14027174552763177,5.062694477112507e-05,0.14027174552763177,True,0.12808955807147385,0.00021758102943865963,1.1552487883735431e-06,0.13531852640408107,1.2281611011906425e-06,0.06765987728259112,122
general_fumbles,-0.13731866005108365,7.291523322544113e-05,0.13731866005108365,True,-0.1454392156038582,2.6271474888850462e-05,2.6057798460857884e-06,0.132348427086962,2.7702409017324787e-06,0.06617559866393187,123
kicking_fieldGoalsMade1_19,0.13445811818313397,0.00010310288686230335,0.13445811818313397,True,0.10392016464891053,0.002738098837791204,4.797340827673157e-18,0.12947140455711673,4.980490206740019e-18,0.06473570227855836,124
kicking_fieldGoalAttempts1_19,0.13340122775451524,0.00011697946791630075,0.13340122775451524,True,0.10291642553904405,0.0030109647878436277,5.2306079240250855e-18,0.12840842498363705,5.4411025004040314e-18,0.06420421249181853,125
total_OTWins,0.13212516543073866,0.0001360765281049255,0.13212516543073866,True,0.03922254240196729,0.2593031751990375,7.33677524913534e-18,0.1271250107829481,7.680198362119848e-18,0.06356250539147405,126
punting_touchbackPct,0.1311504420456077,0.00015259936429351257,0.1311504420456077,True,0.1378403526304214,6.840052990017442e-05,2.959807291697584e-07,0.12614467164832155,3.146612417399891e-07,0.06307249315478164,127
kicking_fieldGoalPct,0.12721164314290298,0.00024054163119838806,0.12721164314290298,True,0.11078385635885313,0.0013994987586393637,9.826784266995e-08,0.1221831798377739,1.0446991425539078e-07,0.06109164215384408,128
passing_passingYardsAfterCatch,0.1270165151115155,0.0002459442062814442,0.1270165151115155,True,0.1364243312645557,8.131578798278105e-05,2.683640410713364e-06,0.12198692760011356,2.8530155540452217e-06,0.0609948903078338,129
receiving_receivingYardsAfterCatch,0.12698265115204993,0.00024689330122688435,0.12698265115204993,True,0.1363927943883044,8.162806909810166e-05,6.424652631533248e-07,0.12195286853758987,6.830137828423558e-07,0.06097677577568635,130
passing_twoPtPassAttempts,-0.12578462198214488,0.00028276267076119316,0.12578462198214488,True,-0.10705473513220343,0.0020247223016043947,1.8948230124642862e-06,0.12074793706923867,2.014412774953828e-06,0.06037497574100681,131
home_OTLosses,-0.12486242743441824,0.0003136328186247603,0.12486242743441824,True,-0.07543924912667836,0.02986379719823898,1.2275426335112238e-06,0.1198204294104846,1.3050176963649272e-06,0.05991086721409048,132
punting_puntYards,-0.12297394323160685,0.00038692406478633496,0.12297394323160685,True,-0.16129516410828199,3.0465487571846317e-06,5.26630691162606e-06,0.1179210649370537,5.598684336122147e-06,0.058963331810694915,133
miscellaneous_fumblesLost,-0.12208893291525022,0.0004265112122769725,0.12208893291525022,True,-0.13408713890684457,0.00010778685079896382,7.113701545338599e-06,0.11703095574206802,7.562675340058747e-06,0.058519259208704044,134
general_fumblesLost,-0.12208893291525022,0.0004265112122769725,0.12208893291525022,True,-0.13408713890684457,0.00010778685079896382,1.3147886455518803e-07,0.11703095574206802,1.3977701487366532e-07,0.05851554775954145,135
passing_passingYardsAtCatch,0.12028403363170208,0.0005192123840046165,0.12028403363170208,True,0.131001700314037,0.00015528067559316604,8.842621998071619e-06,0.1152156577521835,9.400714789629873e-06,0.05761252923348656,136
defensive_avgSackYards,0.12010035911564619,0.0005296298368904265,0.12010035911564619,True,0.1137571989371301,0.0010342056029517968,1.0182109000971744e-06,0.11503092501788166,1.0824742106574655e-06,0.05751600374604616,137
punting_punts,-0.1138061128974213,0.0010290107517882097,0.1138061128974213,True,-0.15075591468652236,1.3065516017274003e-05,4.04619978629511e-06,0.108700415270368,4.301571432219557e-06,0.05435235842090011,138
passing_longPassing,0.11074316895916946,0.0014052341038614917,0.11074316895916946,True,0.10965552140395948,0.0015668034373816709,1.7669748016824529e-07,0.10561982455546272,1.8784955587484838e-07,0.052810006202509294,139
kicking_kickoffReturnYards,-0.10393318456766937,0.002734712519700621,0.10393318456766937,True,-0.13113380031000338,0.00015289718273318067,2.3968456394135568e-06,0.0987706052723052,2.548120032249243e-06,0.04938657669616873,140
returning_kickReturnYards,-0.10166007889619395,0.0033873135253612275,0.10166007889619395,True,-0.13130078851677202,0.00014993337975013207,3.7951131068264346e-06,0.09648440338068902,4.034637680932325e-06,0.04824421900918498,141
defensive_safeties,0.09434626225241646,0.00655948260396628,0.09434626225241646,True,0.08164467326314309,0.018716899767897973,1.0689702654137966e-06,0.0891284490773922,1.1364371999550137e-06,0.04456479275729608,142
kicking_extraPointPct,0.08854408834021678,0.010755073792867416,0.08854408834021678,True,0.07627122771173178,0.0280980691532098,1.372149554471743e-07,0.08329284665027449,1.4587513311220554e-07,0.0416464962627038,143
punting_netAvgPuntYards,0.08675332584527502,0.012462290884539111,0.08675332584527502,True,0.07291770394184251,0.035808107135491624,3.009729132840722e-06,0.08149176689637382,3.1996850230672735e-06,0.04074748329069844,144
returning_longPuntReturn,0.086337789005507,0.012891138607331933,0.086337789005507,True,0.08357615648770912,0.01608698922393877,7.569468172676824e-08,0.08107383599195737,8.04720719894267e-08,0.04053695823201468,145
defensive_avgInterceptionYards,0.08425347395137947,0.015244761330044805,0.08425347395137947,True,0.08997943749856517,0.009540014247903992,1.7588427375809016e-08,0.07897751241172651,1.869850247959269e-08,0.0394887655551145,146
receiving_receivingTargets,0.083604187444006,0.0160513397890682,0.083604187444006,True,0.07674218386447457,0.027138933201237003,1.6804352362645768e-06,0.07832448511960127,1.7864941396354795e-06,0.039163135806870454,147
returning_puntReturnFairCatchPct,0.07971593320400243,0.021710188739195946,0.07971593320400243,True,0.07227253364181563,0.03748169783382933,1.2977792287611596e-06,0.07441382917864323,1.379687200487496e-06,0.037207604432921856,148
miscellaneous_thirdDownAttempts,0.07751478620979659,0.025626545446054614,0.07751478620979659,True,0.05658343282452102,0.10352132625583156,1.6918160841376328e-06,0.07220000054540932,1.798593277757871e-06,0.036100899569343536,149
road_OTLosses,-0.07736742939995805,0.02590925124716812,0.07736742939995805,True,0.004838542665382352,0.8893682288028681,6.291335258930387e-06,0.0720517947573446,6.688406270000489e-06,0.0360292415818073,150
punting_avgPuntReturnYards,-0.0754948012716509,0.02974299963578246,0.0754948012716509,True,-0.09096374348777682,0.008778972010783787,2.3543143267102394e-06,0.07016837771125072,2.5029044004559075e-06,0.03508544030782559,151
returning_longKickReturn,0.07506445720475367,0.030689831636747912,0.07506445720475367,True,0.08049853917695296,0.02044886473312348,5.966503836029005e-06,0.06973555426967809,6.343073453323319e-06,0.034870948671565705,152
kicking_longFieldGoalMade,0.07392918737512832,0.03331246833669545,0.07392918737512832,True,0.057498020556529486,0.09805143379804651,4.4861239963468386e-07,0.06859374372186507,4.769260996315132e-07,0.03429711032398235,153
punting_longPunt,0.07264215130590125,0.03651495133823813,0.07264215130590125,True,0.05934281922454878,0.08772048277432455,4.0362654241624444e-08,0.06729929255183419,4.291010073252592e-08,0.03364966773096746,154
defensive_totalTackles,0.07109576869678988,0.040705588014573225,0.07109576869678988,True,0.05411818035439326,0.11947520905459115,1.1960695414140081e-06,0.0657440006485686,1.2715582131462387e-06,0.03287263610339087,155
kicking_longFieldGoalAttempt,0.06917440221573211,0.04647269746923689,0.06917440221573211,True,0.0620613449147289,0.07411251258876302,7.3657518270574175e-06,0.06381156444966939,7.83063351033915e-06,0.031909697541589864,156
punting_grossAvgPuntYards,0.06835133231129276,0.04914542628242993,0.06835133231129276,True,0.053367255398413936,0.12469912219724258,1.993543586424668e-06,0.0629837525287039,2.1193639941592295e-06,0.031492935946349034,157
punting_fairCatches,-0.06337700034486927,0.06817417549797122,0.06337700034486927,False,-0.0895114792346284,0.009922007147058312,1.1598299075243747e-06,0.05798076155742069,1.2330313528607546e-06,0.028990997294386776,158
kicking_extraPointsBlocked,0.06248912967155466,0.0721370201093319,0.06248912967155466,False,0.07646169039198052,0.027706721864210176,6.104779276347457e-18,0.057087775525880464,6.37044625865129e-18,0.028543887762940236,159
rushing_longRushing,0.06022701713384446,0.08308948068581835,0.06022701713384446,False,0.08027511999115482,0.02080227288660765,9.176776661968013e-06,0.05481263010362434,9.755959273856352e-06,0.027411193031449097,160
miscellaneous_fourthDownConvs,-0.05674310557120024,0.10254930148762294,0.05674310557120024,False,-0.04625121546088,0.18339168816174134,7.221169025856861e-07,0.05130864641087729,7.676925517633124e-07,0.025654707051714527,161
returning_kickReturnFairCatchPct,0.05221190811229105,0.1330815245867094,0.05221190811229105,False,0.048431243052037345,0.1635704121040719,5.850832889252738e-18,0.046751343012342066,6.100472312297478e-18,0.023375671506171036,162
punting_puntsInside20,0.04736405898634661,0.17306221584289017,0.04736405898634661,False,0.013944462510643426,0.6884881037720069,1.9919873555979676e-17,0.04187556359694417,2.105746569055661e-17,0.020937781798472097,163
passing_netPassingAttempts,0.043874610081902805,0.2069649155792548,0.043874610081902805,False,0.035878245813876566,0.3021691627385284,1.7699982136124334e-06,0.03836601065968043,1.881709790145125e-06,0.019183946184735286,164
passing_passingAttempts,0.043874610081902805,0.2069649155792548,0.043874610081902805,False,0.035878245813876566,0.3021691627385284,4.442728429678641e-08,0.03836601065968043,4.723126564065707e-08,0.019183028945473034,165
returning_puntReturnTouchdowns,0.04218202318001911,0.22504287495097533,0.04218202318001911,False,0.046999641768112166,0.17639582533767792,1.9530644365484022e-18,0.036663672125502374,1.956700301248987e-18,0.018331836062751187,166
returning_kickReturnTouchdowns,0.035673437372017586,0.3049391070785144,0.035673437372017586,False,0.03591908258091526,0.30161886793794884,1.0504321461957555e-06,0.03011758789689671,1.116729066830815e-06,0.01505935231298177,167
kicking_fieldGoalsMade60_99,0.035622140086849864,0.30563550602209827,0.035622140086849864,False,0.028419916860907318,0.41381022228266595,3.504782681557511e-07,0.03006599506869832,3.725983356082765e-07,0.015033183833516964,168
returning_kickReturnFairCatches,0.03531327137916492,0.3098508678813156,0.03531327137916492,False,0.029001343742932936,0.40431896755271124,3.5327089353109e-06,0.02975534685175378,3.755672145985264e-06,0.014879551261949883,169
rushing_twoPtRushAttempts,0.03401479703329804,0.3279894638074686,0.03401479703329804,False,0.03336723044698092,0.33728733856225784,8.839008873608213e-08,0.028449391504852057,9.39687362660243e-08,0.01422474273679416,170
kicking_extraPointsBlockedPct,-0.03393922003189912,0.3290659745725488,0.03393922003189912,False,-0.027735751291348303,0.4251454910950853,9.62707323633337e-07,0.028373379075808787,1.0234675843135212e-06,0.01418720127169655,171
defensive_assistTackles,0.03136540371838011,0.36708700824793433,0.03136540371838011,False,0.012407822573572643,0.7212975558733218,1.5770693555385906e-06,0.025784734034586212,1.6766044300113635e-06,0.012893205319508112,172
scoring_twoPointRushConvs,0.029272141474286188,0.3999431896454494,0.029272141474286188,False,0.031073777154348992,0.3715610064487343,2.409138527845942e-07,0.023679411716248926,2.5611887734110016e-07,0.011839833917563134,173
rushing_twoPtRush,0.029272141474286188,0.3999431896454494,0.029272141474286188,False,0.031073777154348992,0.3715610064487343,9.479794201574364e-08,0.023679411716248926,1.0078101446914434e-07,0.011839756248631697,174
kicking_fieldGoalAttempts50_59,-0.025398672875624768,0.4652055348787607,0.025398672875624768,False,-0.018351556423184166,0.5977549306866999,2.229325167978333e-06,0.019783626602296125,2.3700266823661056e-06,0.009892998314489245,175
punting_puntsBlocked,-0.02473272871360151,0.47699258018315643,0.02473272871360151,False,-0.03236999110463969,0.35193318847901955,1.7564515558855593e-18,0.01911384568448243,1.7476784053133676e-18,0.009556922842241217,176
punting_touchbacks,0.023965475004427535,0.4907726808165623,0.023965475004427535,False,0.01876569925191365,0.5895136044531428,1.303343245077349e-06,0.01834217153696049,1.3856023838442822e-06,0.009171778569672167,177
kicking_fieldGoalAttempts50,-0.022931517499966043,0.5096755588459809,0.022931517499966043,False,-0.014480908911855788,0.6771668907377657,3.1809585138502444e-07,0.017302257012874023,3.381721366452405e-07,0.008651297592505333,178
kicking_fieldGoalsBlockedPct,-0.020771628879494342,0.5503563416183608,0.020771628879494342,False,-0.019493640842307286,0.5751559694324568,3.2098114269293416e-06,0.015129924458445276,3.412395300809799e-06,0.0075666684268730425,179
punting_puntsBlockedPct,0.018570015150213795,0.5934011476555845,0.018570015150213795,False,0.018545543354510415,0.5938881379119697,4.1715422750002295e-08,0.01291562640109965,4.434824780320548e-08,0.006457835374673726,180
kicking_fieldGoalsBlocked,0.015674193358956496,0.6522463321375769,0.015674193358956496,False,0.013762709165893845,0.6923398539019078,2.091997341124536e-18,0.010003120686986222,2.104401810043543e-18,0.005001560343493112,181
kicking_fieldGoalsMissedYards,0.012411873885503664,0.7212103459800294,0.012411873885503664,False,0.01499593623435566,0.6663657425210092,2.515849790601943e-07,0.0067220057591337225,2.674635005335107e-07,0.0033611366113171282,182
scoring_totalTwoPointConvs,0.011007793848790564,0.7516444833044947,0.011007793848790564,False,0.019799543686157123,0.5691720980786902,1.02604999607982e-06,0.005309836287122126,1.0908080629421677e-06,0.002655463547592534,183
kicking_fieldGoalAttempts60_99,0.009616213426393896,0.7821931649217512,0.009616213426393896,False,0.022025270098990392,0.5265511680253688,5.823428374385791e-07,0.003910238444425128,6.1909679343262e-07,0.0019554287706092803,184
kicking_fieldGoalsMade50_59,-0.00905826929486663,0.7945392290717181,0.00905826929486663,False,-0.009103481003381564,0.7935368338621864,4.9420082813566645e-06,0.0033490797860659498,5.25391793872383e-06,0.0016771668520023369,185
scoring_twoPointPassConvs,-0.006101777584903246,0.8607487448684812,0.006101777584903246,False,0.0035541109162428594,0.918616058398733,1.041614026830634e-06,0.0003755546109346692,1.1073544011320552e-06,0.00018833098266790062,186
passing_twoPtPass,-0.006101777584903246,0.8607487448684812,0.006101777584903246,False,0.0035541109162428594,0.918616058398733,2.5382441342719323e-07,0.0003755546109346692,2.6984427444636644e-07,0.00018791222760455777,187
kicking_fieldGoalsMade50,-0.005728374291346852,0.8691912152211972,0.005728374291346852,False,-0.0064116198506956705,0.8537553548736038,4.250345756941969e-08,0.0,4.518601861182492e-08,2.259300930591246e-08,188
